0.06907576101628389,0.24426976822170704,0.035910264074683236,0.6819351088802409,0.5225172774606983,0.21893550927457087,947632.0,1164.19502719,15,125,0.21,0.11,0.15,0.18,0.61,0.57,0.39,0.39,0.79,0.91,0.5,0.45,0.93,1.0,0.63,0.68,0.56,0.52,0.0,0.0,0.0,0.0,0.0,0.0,0.322824986986,1
0.5909961638936089,0.1633177111351304,0.09299278426309747,0.07083366899709932,0.06189958757301197,0.17778469629801055,326332.0,1514.91462843,4,38,0.49,0.67,0.77,0.66,0.88,0.92,0.52,0.15,0.85,0.8,0.38,0.35,0.79,1.0,0.67,0.72,0.61,0.73,0.0,0.0,0.0,0.0,0.0,0.0,0.341377926775,1
0.057809761252301216,0.03338608286449932,0.0552469729316956,0.03692631730883729,0.051356645658818284,0.03192519346654552,0.0,2116.75128504,1,0,0.27,0.22,0.38,0.2,0.29,0.51,0.39,0.47,1.0,0.84,0.17,0.3,0.65,0.86,0.18,0.07,0.11,0.29,0.0,0.0,0.0,0.0,0.0,0.0,0.287445647036,1
0.1909530981196794,0.2664781666221489,0.11763541800917553,0.10586019445465031,0.10877996327066838,0.34598075240404585,576212.0,1062.91168407,19,180,0.52,0.57,0.47,0.21,0.55,0.53,0.63,0.4,1.0,0.9,0.54,0.37,0.98,0.47,0.49,0.42,0.1,0.07,0.0,0.0,0.0,0.0,0.0,0.0,0.310227291227,1
0.3921713183382694,0.2410256585549331,0.7032357190303392,0.5823762900511618,0.06448635903565317,0.3740186326686973,587128.0,973.669727803,24,180,0.28,0.26,0.19,0.17,0.4,0.45,0.21,0.11,0.33,0.45,0.34,0.21,0.9,1.0,0.66,0.53,0.43,0.46,0.0,0.0,0.0,0.0,0.0,0.0,0.270373969408,1
0.09090100735467316,0.034848850840059585,0.08685713486708146,0.13995261876629858,0.12413333396812318,0.10011165823723754,716076.0,1336.33440931,50,126,0.35,0.57,0.38,0.37,0.79,0.91,0.67,0.72,0.73,1.0,0.63,0.72,0.64,0.91,0.39,0.36,0.35,0.29,0.0,0.0,0.0,0.0,0.0,0.0,0.321479868041,1
0.521161460595899,0.30164268551459683,0.15757354049238315,0.4499769598190472,0.7141204934404058,0.1250128641821506,501844.0,1004.73874581,514,103,0.03,0.01,0.0,0.02,0.33,0.28,0.55,0.44,0.63,0.38,0.27,0.46,1.0,0.8,0.02,0.02,0.06,0.15,0.0,0.0,0.0,0.0,0.0,0.0,0.284304402104,1
0.06892122282630143,0.40088140237713193,0.45810222989441374,0.29001243022127443,0.5535705002798906,0.6073899552957138,525948.0,746.115665229,2,14,0.11,0.07,0.0,0.01,0.21,0.28,0.29,0.32,0.21,0.37,0.44,0.69,1.0,0.65,0.05,0.0,0.05,0.09,0.0,0.0,0.0,0.0,0.0,0.0,0.261114066177,1
0.31758285687668686,0.190176309484965,0.2238185449727947,0.5058481619106556,0.6478830860898045,0.5652576316960092,750076.0,499.892316614,2,46,0.02,0.03,0.0,0.0,0.13,0.36,0.33,0.44,0.32,0.4,0.62,0.89,1.0,0.85,0.06,0.0,0.01,0.04,0.0,0.0,0.0,0.0,0.0,0.0,0.313354387591,1
0.10946139606736713,1.0135998655853078,0.08681725070804647,0.527333343302211,0.05560606025600703,0.01087060858276915,811636.0,883.43246474,79,156,0.58,0.48,0.59,0.25,1.0,0.76,0.36,0.42,0.68,0.11,0.34,0.42,0.54,0.49,0.03,0.24,0.27,0.03,0.0,0.0,0.0,0.0,0.0,0.0,0.280710593851,1
0.27714461217141134,0.12989068343290988,0.19194656346435623,0.4119890745763462,0.5329610701893932,0.7616566462005664,291880.0,618.317551261,315,55,0.11,0.09,0.1,0.12,0.16,0.3,0.1,0.21,0.69,0.99,0.44,0.39,0.89,1.0,0.36,0.4,0.14,0.15,0.0,0.0,0.0,0.0,0.0,0.0,0.30976693748,1
0.01901961183293679,0.32852327389160507,0.040757565379410964,0.13298498003187806,0.013528452441416679,0.06766750266923732,699540.0,696.654870195,299,102,0.05,0.03,0.4,0.33,0.21,0.49,0.63,0.83,0.35,0.13,0.14,0.26,0.96,1.0,0.33,0.05,0.1,0.0,0.0,0.0,0.0,0.0,0.0,0.0,0.307096336224,1
0.018429364154812347,0.02542813590801873,0.03678650643574698,0.025958728560692774,0.00828839387694624,0.023901301610518056,950744.0,1270.47858142,20,102,0.43,0.29,0.06,0.17,0.51,1.0,0.73,0.72,0.63,0.62,0.72,0.7,0.95,0.4,0.06,0.15,0.37,0.5,0.0,0.0,0.0,0.0,0.0,0.0,0.322464199133,1
0.31628745678458225,0.1312690711337548,0.11565396778464167,0.13112381178433202,0.15482119968126995,1.1052152668963546,251868.0,1299.37553456,68,57,0.61,0.41,0.48,0.46,1.0,0.9,0.46,0.47,0.94,0.87,0.47,0.47,0.95,0.92,0.47,0.48,0.4,0.53,0.0,0.0,0.0,0.0,0.0,0.0,0.331480004006,1
0.08018668243996305,0.14352574310074392,0.2133201148200608,0.19869989907426086,0.45026188761038805,0.2270478210551532,813564.0,1218.39210135,64,180,0.27,0.44,0.36,0.46,0.85,0.7,0.68,0.12,0.42,1.0,0.17,0.15,0.36,0.7,0.06,0.6,0.72,0.62,0.0,0.0,0.0,0.0,0.0,0.0,0.307647886751,1
0.1670200327435735,0.6868326169991875,0.584631948987843,0.23974850999829522,0.7956109281739019,0.79530420927705,315120.0,1173.07797164,11,91,0.33,0.57,0.17,0.48,0.81,1.0,0.26,0.6,1.0,0.76,0.37,0.57,0.86,0.94,0.26,0.49,0.51,0.53,0.0,0.0,0.0,0.0,0.0,0.0,0.334514314176,1
0.2783638026365838,0.29144986944075363,0.008449314962357192,0.12192920122988103,0.12212165436988666,0.044194088984809136,494856.0,1252.05525826,102,141,0.32,0.33,0.37,0.39,0.7,0.78,0.38,0.39,0.55,1.0,0.45,0.32,0.59,0.83,0.11,0.39,0.46,0.37,0.0,0.0,0.0,0.0,0.0,0.0,0.279639835324,1
0.3225841770531732,0.313947699470834,0.6709028080262203,0.0942886381993775,0.045018380940545125,0.0981767533409056,836036.0,534.216649724,13,62,0.15,0.02,0.19,0.07,0.49,0.35,0.46,0.3,0.7,0.94,0.41,0.37,1.0,0.84,0.03,0.36,0.03,0.17,0.0,0.0,0.0,0.0,0.0,0.0,0.30959202545,1
0.21350202701991752,0.1343646250639855,0.38031336481359435,0.37223414346201295,0.25697171014063763,0.39283696792203515,820480.0,836.993444792,37,57,0.17,0.15,0.16,0.03,0.64,0.51,0.35,0.33,0.5,0.7,0.43,0.42,1.0,0.89,0.42,0.3,0.41,0.33,0.0,0.0,0.0,0.0,0.0,0.0,0.282816931365,1
0.5075523613565598,0.3480296867295688,2.5559366305016704,0.3787012845152136,0.2781562965421045,0.33805624253352023,849312.0,542.899293561,115,36,0.0,0.0,0.23,0.2,0.0,0.0,0.66,0.59,0.0,0.06,1.0,1.0,0.02,0.13,0.45,0.45,0.09,0.0,0.0,0.0,0.0,0.0,0.0,0.0,0.31080093665,1
0.5299797274612612,0.33540874525720327,0.8660569844253487,0.29285452330299744,0.19666766136666602,0.23031307723662145,826580.0,654.151013108,3,16,0.01,0.19,0.7,0.35,0.11,0.21,0.77,0.44,0.58,0.93,0.65,0.57,0.84,1.0,0.28,0.42,0.41,0.11,0.0,0.0,0.0,0.0,0.0,0.0,0.324068911996,1
1.1624902614458197,0.1244540241322541,0.4876032096056845,0.09487845630626643,0.07904671161563054,0.47482937908563727,501336.0,1148.55036141,149,85,0.08,0.04,0.2,0.32,0.22,0.36,1.0,0.46,0.54,0.29,1.0,0.47,0.54,0.05,0.17,0.28,0.14,0.11,0.0,0.0,0.0,0.0,0.0,0.0,0.2837004362,1
0.38126923944327235,1.0989582774274023,0.1580110853454021,0.2830351654267455,0.9275585457738894,0.06309567730706735,775772.0,944.689579587,37,107,0.25,0.61,0.93,0.21,0.77,0.54,0.54,0.39,1.0,0.47,0.55,0.4,0.57,0.55,0.74,0.06,0.04,0.09,0.0,0.0,0.0,0.0,0.0,0.0,0.315072467414,1
1.098666651464172,0.4033783617873426,1.2153521976452826,0.1590144988782423,0.9428777088152038,0.03959570287738802,794056.0,810.688634645,27,31,0.0,0.0,0.14,0.34,0.28,0.16,0.6,0.22,0.96,0.26,0.22,1.0,0.88,0.15,0.16,0.31,0.06,0.02,0.0,0.0,0.0,0.0,0.0,0.0,0.304507799572,1
0.029321690543387097,0.12239840652311079,0.9322105236435433,0.6796602701528434,0.6982799259167789,0.34808584097451023,637932.0,1306.53619732,69,89,0.3,0.64,0.49,0.19,0.9,1.0,0.34,0.18,0.52,0.27,0.08,0.12,0.89,0.2,0.19,0.1,0.22,0.26,0.0,0.0,0.0,0.0,0.0,0.0,0.296795091585,1
0.09837823106913712,0.412925203065271,0.024535206125407088,0.7540937470598427,0.22803984438982253,0.4316419321496308,0.0,1541.10926798,1,0,0.54,0.63,0.68,0.62,0.94,1.0,0.48,0.41,0.3,0.35,0.34,0.56,0.81,0.63,0.0,0.16,0.47,0.63,0.0,0.0,0.0,0.0,0.0,0.0,0.31327542683,1
0.5487603178735923,0.05525336967416958,0.2433333456930198,0.052811879190876994,0.03183838571704351,0.10622544867190696,386568.0,1079.18933702,32,108,0.16,0.08,0.12,0.0,0.31,0.36,0.24,0.37,0.53,0.51,0.44,1.0,0.34,0.24,0.07,0.13,0.25,0.11,0.0,0.0,0.0,0.0,0.0,0.0,0.23434157169,1
0.6687412587719133,0.11399101635341095,0.21357954998693257,0.6711185074549859,0.049749543881762684,0.2968310980253351,756772.0,749.294079139,24,100,0.18,0.08,0.53,0.82,0.59,0.86,0.62,0.48,0.5,1.0,0.63,0.48,0.54,0.42,0.45,0.76,0.41,0.22,0.0,0.0,0.0,0.0,0.0,0.0,0.30416980592,1
0.20870290569611563,0.328550915870048,0.43187131817355434,0.26091580330687575,0.13364586278064255,0.12877996848240258,828884.0,649.743887128,12,109,0.15,0.08,0.08,0.29,0.71,0.29,0.96,0.86,0.86,0.22,1.0,0.87,0.81,0.0,0.0,0.23,0.51,0.0,0.0,0.0,0.0,0.0,0.0,0.0,0.36907542138,1
0.02372671099202182,2.063840748043114,0.06941576058837826,0.4846143822606636,0.028308654626772435,0.38904942883370325,0.0,722.116709804,1,0,0.27,0.53,0.51,0.47,1.0,0.58,0.49,0.45,1.0,0.78,0.66,0.65,0.81,0.53,0.56,0.58,0.43,0.13,0.0,0.0,0.0,0.0,0.0,0.0,0.312009337022,1
0.650857154991555,0.09266667837897996,0.042662331305550874,0.3656029135196276,0.45891670105599475,0.015959349607671112,373768.0,909.187322148,10,0,0.0,0.0,0.0,0.09,0.16,0.06,0.0,1.0,0.92,0.75,0.0,0.86,0.74,0.51,0.0,0.29,0.56,0.17,0.0,0.0,0.0,0.0,0.0,0.0,0.345482502773,1
0.033674410172190646,0.07942764243265163,0.06346921845948952,0.039584972934886754,0.35900995422940574,0.27025310207510445,342904.0,1494.8916054,34,89,0.31,0.32,0.44,0.36,0.76,0.61,0.46,0.43,0.78,0.71,0.38,0.37,0.96,1.0,0.5,0.45,0.59,0.48,0.0,0.0,0.0,0.0,0.0,0.0,0.297370128048,1
0.42426555344978273,0.1316436896920649,0.41048310919537534,0.08177576295398023,0.08257202309478812,0.11905514880838505,745032.0,828.384680754,9,142,0.09,0.05,0.05,0.05,0.13,0.1,0.15,0.06,0.49,0.62,0.58,0.53,1.0,1.0,0.6,0.59,0.51,0.48,0.0,0.0,0.0,0.0,0.0,0.0,0.317568890164,1
0.4816921176148094,0.10034035880088257,0.3157700525766475,0.47615298065988165,0.27293970472410267,0.6299181411179903,613572.0,1086.43772797,5,65,0.23,0.55,0.36,0.28,0.5,0.6,0.6,0.55,1.0,0.82,0.6,0.56,0.97,0.89,0.36,0.27,0.21,0.12,0.0,0.0,0.0,0.0,0.0,0.0,0.318799560417,1
0.03235006240917694,0.03254128348304654,0.12977141592266067,0.02587461696539148,0.03783729482052432,0.24412724536896402,428292.0,1239.499499,16,103,0.27,0.19,0.12,0.17,0.51,0.9,0.3,0.59,1.0,0.91,0.29,0.59,0.87,0.7,0.11,0.16,0.13,0.5,0.0,0.0,0.0,0.0,0.0,0.0,0.328821285047,1
0.08863924182641536,0.20048100235884042,0.15555474011674733,0.1935114432064039,0.10078388144451192,0.17324124917318684,676496.0,951.357459308,5,53,0.58,0.41,0.26,0.27,0.49,0.67,0.85,0.7,0.75,0.96,0.82,0.71,1.0,0.88,0.21,0.21,0.12,0.14,0.0,0.0,0.0,0.0,0.0,0.0,0.348329096864,1
0.4826550634937843,0.07315120251730944,0.40422843417865867,0.5026002772750946,0.18665293378666153,0.5797712445405122,451736.0,625.433231631,25,37,0.23,0.42,0.83,0.36,0.64,0.83,0.99,0.17,0.74,0.91,1.0,0.17,0.54,0.59,0.76,0.3,0.15,0.04,0.0,0.0,0.0,0.0,0.0,0.0,0.353264291604,1
0.004944363691613062,0.02055136848033774,0.04003481867233027,0.023634280539606495,0.054399555522508594,0.01958836958690394,406056.0,1352.03261359,32,116,0.61,0.16,0.33,0.46,0.74,1.0,0.7,0.62,0.72,0.94,0.71,0.61,0.84,0.54,0.3,0.42,0.24,0.46,0.0,0.0,0.0,0.0,0.0,0.0,0.319148171788,1
0.43973205303300555,1.256064064419192,0.9029962556020493,0.48217615284769305,1.3538696308459126,0.9475745913561858,1022836.0,880.212973526,67,64,1.0,0.48,0.35,0.16,0.71,0.36,0.0,0.0,0.44,0.03,0.0,0.0,0.4,0.0,0.0,0.04,0.0,0.0,0.0,0.0,0.0,0.0,0.0,0.0,0.26705148016,1
0.14439671291443681,0.051197879818914604,0.08047686894327825,0.164611203785303,0.028148151039876362,0.0694945861465548,452472.0,1292.24658928,7,117,0.54,0.27,0.16,0.23,0.56,0.8,0.55,0.56,0.67,1.0,0.54,0.56,0.8,0.74,0.13,0.21,0.14,0.25,0.0,0.0,0.0,0.0,0.0,0.0,0.305265992847,1
0.4848169397627194,0.09883865658331231,0.6440273239170742,0.6857967582647931,0.09448845802787835,0.8035911723696455,670312.0,1174.08923213,6,72,0.03,0.16,0.52,0.53,0.7,0.62,0.54,0.53,1.0,0.84,0.55,0.51,0.62,0.74,0.51,0.52,0.29,0.38,0.0,0.0,0.0,0.0,0.0,0.0,0.299436681769,1
0.23351680895081722,0.17008379108474217,0.5685352750666895,0.2741313412324987,0.08705318174557167,0.45641131009038544,555912.0,829.459912397,71,25,0.18,0.61,0.92,0.76,0.75,1.0,0.68,0.93,0.73,0.95,0.68,0.91,0.64,0.75,0.9,0.73,0.48,0.15,0.0,0.0,0.0,0.0,0.0,0.0,0.367347615799,1
0.19314188957341072,0.23295247044492795,0.3481980393515049,0.13676984744878457,0.2151126682089772,0.42271138785072165,645468.0,822.959818168,34,44,0.31,0.32,0.28,0.2,0.51,1.0,0.32,0.36,0.49,0.56,0.34,0.37,0.41,0.46,0.26,0.19,0.09,0.55,0.0,0.0,0.0,0.0,0.0,0.0,0.237684139143,1
0.0690618557870773,0.04397799500892514,0.45962369599968717,0.2686972475081017,0.026403459055994675,0.04464292210666603,818568.0,1243.78231149,13,46,0.43,0.3,0.5,0.5,1.0,0.75,0.5,0.31,0.75,0.89,0.55,0.43,0.93,0.92,0.55,0.49,0.3,0.45,0.0,0.0,0.0,0.0,0.0,0.0,0.31847918779,1
0.9662223757841533,0.11576682458427431,0.6784042146132387,0.34230174756895515,0.11123038188082437,0.35583965179922505,632432.0,968.665357364,6,176,0.0,0.01,0.1,0.25,0.3,0.43,0.52,0.47,1.0,0.69,0.68,0.58,0.78,0.59,0.18,0.23,0.21,0.29,0.0,0.0,0.0,0.0,0.0,0.0,0.292773791613,1
0.3224570866688362,0.34667521799625833,0.15124230120081383,0.18397764620624557,0.33339965731844257,0.3104667273179084,0.0,2068.46120663,1,0,0.4,0.36,0.27,0.21,0.49,0.5,0.21,0.14,0.68,0.58,0.47,0.38,0.99,1.0,0.53,0.44,0.37,0.41,0.0,0.0,0.0,0.0,0.0,0.0,0.283068197024,1
0.07094639184796724,0.021904761187073334,0.060308749225368746,0.015878594635436036,0.24813031145776973,0.22791666209501324,891516.0,613.446858167,97,151,0.0,0.07,0.0,0.0,0.0,0.46,0.56,0.46,0.23,0.46,0.41,0.5,0.58,1.0,0.32,0.22,0.04,0.18,0.0,0.0,0.0,0.0,0.0,0.0,0.265334890594,1
0.0783333315824469,0.03999999869200921,0.06164704649609339,0.1600000001490116,0.1600000001490116,0.11333332748876698,643148.0,84.5207595631,30,20,0.0,0.0,0.0,0.0,0.9,0.98,0.95,0.72,1.0,0.93,0.01,0.02,0.08,0.03,0.0,0.0,0.0,0.0,0.0,0.0,0.0,0.0,0.0,0.0,0.395178405562,1
0.1900000069290403,0.3285057604630853,0.01636363775276944,0.15000000782310996,0.15680001113679712,0.055999997705221224,937800.0,286.335773965,47,23,0.0,0.0,0.44,0.79,0.31,0.12,1.0,0.72,0.59,0.16,0.94,0.65,0.38,0.06,0.3,0.37,0.11,0.0,0.0,0.0,0.0,0.0,0.0,0.0,0.323173285131,1
0.18140658911677937,0.1369764509507558,0.1810989046518592,0.09089946908358672,0.2914176366120136,0.025333335283729885,1168804.0,793.106420317,2,57,0.0,0.0,0.08,0.23,0.07,0.12,0.28,0.85,0.58,0.74,0.83,1.0,0.4,0.56,0.82,0.71,0.78,0.26,0.0,0.0,0.0,0.0,0.0,0.0,0.347680558607,1
0.16761904002621403,0.44644735516140277,1.5013247730697108,0.21974749130111637,0.04979832313714455,0.2990000004569694,789776.0,856.123027349,131,143,0.0,0.14,0.17,0.0,0.0,0.23,1.0,0.48,0.01,0.09,0.74,0.26,0.19,0.01,0.1,0.14,0.02,0.0,0.0,0.0,0.0,0.0,0.0,0.0,0.248946390927,1
1.4590516104032139,0.4259376101493341,1.1495767273265813,1.1411994901792586,0.6526856102530495,0.1819498272789506,0.0,756.529069062,1,0,0.36,0.68,0.34,0.12,0.45,0.78,0.37,0.12,0.55,0.88,0.92,0.88,0.91,0.94,0.99,1.0,0.91,0.4,0.0,0.0,0.0,0.0,0.0,0.0,0.37942573567,1
0.18860459210511807,0.7074214576245839,0.5964243894568315,0.6397828686886228,0.3112960588541406,0.17467631271438908,913040.0,476.219553688,6,54,0.02,0.18,0.03,0.01,0.01,0.02,0.89,1.0,0.33,0.04,0.96,0.43,0.72,0.18,0.04,0.04,0.11,0.09,0.0,0.0,0.0,0.0,0.0,0.0,0.324926273689,1
1.060282786679919,0.14555675353496905,1.1064315045486515,0.6623111262242746,0.42353476816677893,1.6518399418141243,434520.0,616.149263535,337,34,0.0,0.0,0.28,0.66,0.8,0.72,0.63,0.72,0.74,1.0,0.66,0.73,0.69,0.98,0.57,0.58,0.62,0.62,0.0,0.0,0.0,0.0,0.0,0.0,0.349328721344,1
0.1078980361124393,0.48799600690768835,0.09594956842262908,0.20704128695705337,0.08385606388900155,0.32212201301035914,880156.0,698.274953671,2,37,0.54,0.4,0.28,0.24,0.56,0.36,0.17,0.19,0.48,0.47,0.35,0.63,1.0,0.84,0.35,0.71,0.71,0.5,0.0,0.0,0.0,0.0,0.0,0.0,0.284369429127,1
0.03625235175846643,0.044596108485883204,0.023924094420727907,0.07119616913416134,0.01913348768054601,0.14368908016254497,775732.0,1468.69156743,5,122,0.21,0.24,0.34,0.13,0.44,0.69,1.0,0.76,0.58,0.96,0.97,0.73,0.36,0.25,0.15,0.22,0.23,0.08,0.0,0.0,0.0,0.0,0.0,0.0,0.331502262436,1
0.06754234164709914,0.0944518094579738,0.1047061751480376,0.10950054133542869,0.2612446554418365,0.03924929068438602,561860.0,1268.59757583,2,92,0.32,0.23,0.35,0.21,0.3,0.67,0.72,0.98,0.62,0.51,0.89,1.0,0.53,0.34,0.27,0.21,0.0,0.0,0.0,0.0,0.0,0.0,0.0,0.0,0.324171754459,1
0.18901960376001287,0.0735238079534096,0.13199999585747724,0.04952380834083979,0.4163333266021486,0.2719480584120008,913808.0,498.126362094,89,71,0.0,0.0,0.0,0.0,0.0,0.0,0.73,1.0,0.0,0.0,0.38,0.77,0.0,0.0,0.02,0.0,0.0,0.0,0.0,0.0,0.0,0.0,0.0,0.0,0.282856215928,1
0.12462841027138089,0.20401906497264294,0.36354442774267626,0.11577903800883699,0.1761118201769946,1.0998095478008678,0.0,1878.05894178,1,0,0.27,0.25,0.31,0.31,0.88,0.89,0.4,0.49,0.87,1.0,0.36,0.25,0.69,0.26,0.17,0.01,0.04,0.08,0.0,0.0,0.0,0.0,0.0,0.0,0.320244860745,1
0.3850573778428619,0.6581264493015816,0.06249996047921801,0.14214788863460578,0.016734540518596047,0.12673397081270027,581956.0,931.151667312,5,54,0.52,0.57,0.71,0.48,1.0,0.82,0.47,0.33,0.38,0.51,0.04,0.26,0.47,0.66,0.7,0.19,0.0,0.0,0.0,0.0,0.0,0.0,0.0,0.0,0.306036206554,1
0.30425859853639614,0.1854930470808731,0.11256294588026958,0.0650959175715609,0.20966419452768892,0.15293517738188944,1085020.0,1064.58710051,2,52,0.59,0.45,0.57,0.42,0.77,0.77,0.1,0.36,1.0,0.57,0.43,0.42,0.66,0.33,0.13,0.17,0.32,0.05,0.0,0.0,0.0,0.0,0.0,0.0,0.289985332483,1
0.12541176446839192,0.7138280501003968,0.2549042271537692,0.05005714239538934,0.08712644057050854,0.06356363743090437,728440.0,570.776917928,34,66,0.01,0.5,0.64,1.0,0.01,0.08,0.87,0.6,0.07,0.0,0.14,0.08,0.04,0.65,0.91,0.28,0.04,0.0,0.0,0.0,0.0,0.0,0.0,0.0,0.334535332796,1
0.07253694837764887,0.5164056975837364,0.21044120753902587,0.3345763401942094,0.04553748126196051,0.04324009638370992,394580.0,1332.18413157,191,180,0.44,0.4,0.32,0.73,0.81,0.83,0.68,0.72,1.0,0.59,0.46,0.69,0.6,0.58,0.62,0.68,0.37,0.04,0.0,0.0,0.0,0.0,0.0,0.0,0.315290870996,1
0.1357839207806637,1.393299230703683,0.6590862145030015,0.19036458731999725,0.1865999906864442,0.34968888811653326,970980.0,711.540915383,54,176,0.36,1.0,0.25,0.17,0.27,0.76,0.32,0.3,0.18,0.05,0.03,0.79,0.04,0.0,0.0,0.05,0.0,0.04,0.0,0.0,0.0,0.0,0.0,0.0,0.277187950175,1
0.10512062135279354,0.12013357999085036,0.26073716646631945,0.08467251583116182,0.3034329543787006,0.08565600695463246,682368.0,1565.19568287,85,94,0.71,0.43,0.44,0.42,0.93,0.76,0.02,0.0,0.5,0.5,0.01,0.03,0.78,1.0,0.5,0.5,0.5,0.76,0.0,0.0,0.0,0.0,0.0,0.0,0.336623089176,1
0.04444444483077091,0.3975238188364617,0.39555553875490074,0.26622221580258143,0.11546667083303144,0.04784313746166234,688768.0,511.986993518,137,120,0.0,0.0,0.0,0.0,0.04,0.0,0.0,0.0,0.3,0.02,0.28,0.7,1.0,0.28,0.03,0.16,0.06,0.0,0.0,0.0,0.0,0.0,0.0,0.0,0.243729343854,1
1.1147215352443542,0.10211548859258668,0.12199999835756097,1.7767401498379898,0.03462801688859679,0.32540133540993216,621676.0,929.638089287,629,62,0.0,0.01,0.2,0.32,0.24,0.19,0.22,0.44,0.23,0.28,0.42,0.6,1.0,0.89,0.63,0.7,0.42,0.25,0.0,0.0,0.0,0.0,0.0,0.0,0.288583706324,1
0.24662066096203764,0.504927463906758,1.561782307299551,0.34717092546058836,0.221769023686269,0.5503560455494039,826056.0,465.852185149,2,24,0.96,0.38,0.43,0.55,0.92,1.0,0.01,0.02,0.1,0.52,0.01,0.06,0.54,0.86,0.37,0.38,0.41,0.53,0.0,0.0,0.0,0.0,0.0,0.0,0.338242752653,1
0.40482933444168734,0.16205115066488168,0.09569142746006153,0.042735775901727606,0.05435429509301921,0.1260856762079236,499204.0,1175.24017605,461,90,0.45,0.49,0.27,0.3,0.75,1.0,0.5,0.32,0.76,0.85,0.44,0.47,0.8,0.57,0.53,0.71,0.55,0.5,0.0,0.0,0.0,0.0,0.0,0.0,0.299391744486,1
0.5733304351737112,0.11231115316025803,0.4041714359387612,0.7993698826805238,0.15216420113914264,1.3384186767850104,413124.0,529.266358898,209,56,0.0,0.0,0.2,0.01,0.0,0.0,0.82,1.0,0.09,0.0,0.76,0.86,0.0,0.0,0.04,0.62,0.0,0.0,0.0,0.0,0.0,0.0,0.0,0.0,0.330222988634,1
0.25377847676263143,0.05839100526981448,0.3979792434689857,0.715660198673358,0.04902976359208395,0.19512387612601012,496940.0,858.35512183,129,180,0.11,0.16,0.15,0.47,0.85,0.79,0.36,0.61,0.99,1.0,0.31,0.46,0.86,0.91,0.32,0.3,0.23,0.4,0.0,0.0,0.0,0.0,0.0,0.0,0.341682926442,1
0.222745843359002,0.13554187196037207,0.3130405432383721,0.3234420797984779,0.08423785734574307,0.022890931616472397,522060.0,1069.89713148,24,126,0.3,0.4,0.37,0.22,0.77,0.73,0.32,0.31,0.46,0.6,0.51,0.41,1.0,0.57,0.42,0.55,0.35,0.09,0.0,0.0,0.0,0.0,0.0,0.0,0.271399408417,1
0.13025642564075826,0.06880000520944606,0.5044971545570958,0.1083809530633648,0.04844444489037557,0.5960986486058961,630584.0,434.426933095,329,102,0.07,0.01,0.02,0.03,0.05,0.12,0.57,0.0,0.04,0.22,1.0,0.0,0.04,0.0,0.0,0.0,0.0,0.0,0.0,0.0,0.0,0.0,0.0,0.0,0.223932265925,1
0.8393088533605252,0.0558518477834876,0.35018317436663327,0.09916311631673157,0.32145976441925306,0.2386666653056942,736384.0,743.159379676,81,148,0.98,0.03,0.0,0.01,1.0,0.11,0.09,0.24,0.5,0.31,0.57,0.19,0.41,0.02,0.05,0.0,0.0,0.0,0.0,0.0,0.0,0.0,0.0,0.0,0.293669019571,1
0.19716935046404457,0.3481477070791458,0.7089812432406014,0.2033301441828851,0.40669747491797037,0.15567893518395723,867396.0,757.250848136,84,159,0.25,0.08,0.19,0.08,0.63,0.36,1.0,0.81,0.43,0.7,0.69,0.33,0.14,0.59,0.43,0.15,0.01,0.34,0.0,0.0,0.0,0.0,0.0,0.0,0.294299722033,1
0.2505011832901631,0.08200567031654948,0.28738739787834994,0.41261541068289537,0.12531868442710967,1.681818288297554,860912.0,667.728139834,209,119,0.08,0.14,0.09,0.13,0.12,0.34,0.32,1.0,0.76,0.42,0.11,0.34,0.59,0.47,0.05,0.39,0.62,0.44,0.0,0.0,0.0,0.0,0.0,0.0,0.270392911129,1
1.8742730378326744,0.4193905511014098,0.04279365721732504,0.04972457114630041,0.156766370937629,0.3411428633970876,695624.0,882.781410235,91,156,1.0,0.55,0.29,0.0,0.79,0.88,0.62,0.09,0.71,0.9,0.26,0.51,0.35,0.25,0.24,0.27,0.18,0.0,0.0,0.0,0.0,0.0,0.0,0.0,0.327456262983,1
0.3617045696060807,0.07767779415540192,0.6591095051026481,0.25148051569812413,0.052063684617513886,0.4402562189025208,0.0,1034.63469099,1,0,0.0,0.0,0.39,1.0,0.49,0.2,0.33,0.08,0.29,0.43,0.25,0.0,0.56,0.53,0.23,0.21,0.23,0.0,0.0,0.0,0.0,0.0,0.0,0.0,0.249002175359,1
0.0642686185992022,0.0647045421842111,0.3664774556633159,0.08966582055615993,0.3463965884000937,0.28488794270534884,567064.0,1211.4640142,300,60,0.07,0.25,0.22,0.55,1.0,0.49,0.24,0.35,0.77,0.67,0.02,0.31,0.21,0.28,0.0,0.03,0.08,0.06,0.0,0.0,0.0,0.0,0.0,0.0,0.274129936749,1
0.9892896427569478,1.4698988423990196,0.11311764111234379,0.7592638468155318,1.155292987679485,0.25756125660340745,923680.0,865.797909642,19,58,0.0,0.56,0.92,0.71,0.36,0.38,0.93,0.85,0.55,0.83,0.94,0.57,0.43,0.84,1.0,0.47,0.42,0.02,0.0,0.0,0.0,0.0,0.0,0.0,0.363523459429,1
0.18730866292945847,0.20513947300760574,0.3516480499036793,0.07400862571710491,0.04827094807539496,0.036672894269144406,97740.0,722.195725529,128,140,0.35,0.26,0.29,0.28,0.72,0.92,0.42,0.53,1.0,0.91,0.46,0.4,0.87,0.88,0.66,0.8,0.7,0.7,0.0,0.0,0.0,0.0,0.0,0.0,0.34041615667,1
0.08718650388641776,0.15213896038875324,0.06028480209856073,0.3279825758771396,0.41907885660837213,0.11724991555302494,1185084.0,890.567495242,16,29,0.29,0.17,0.2,0.31,0.8,0.91,0.31,0.42,0.94,0.97,0.39,0.37,1.0,0.93,0.51,0.46,0.3,0.48,0.0,0.0,0.0,0.0,0.0,0.0,0.34102378542,1
0.39128205749830924,0.08151472730102922,0.04114286112271761,0.04208889717768782,0.015576637473858308,0.12607342073167918,471612.0,1052.69591575,115,112,0.0,0.01,0.11,0.28,0.45,0.63,0.74,0.6,0.69,0.97,0.48,0.35,0.49,1.0,0.4,0.17,0.23,0.07,0.0,0.0,0.0,0.0,0.0,0.0,0.316431656216,1
0.15831110854041416,0.27549918812006235,0.48415416309327874,0.2027985786275864,0.6277967900686976,0.4585046959461136,1009340.0,720.574589998,27,94,0.0,0.0,0.0,0.07,0.03,0.0,0.0,0.41,0.06,0.36,0.03,0.02,0.03,1.0,0.25,0.0,0.0,0.01,0.0,0.0,0.0,0.0,0.0,0.0,0.219582542693,1
0.10325325157077785,0.66964100801232,0.049186580704028156,0.09793089133993112,0.014956819444713255,0.13014421147129962,1069944.0,934.517392151,10,36,0.5,0.5,0.5,0.5,1.0,0.98,0.49,0.5,1.0,0.95,0.5,0.5,0.98,0.9,0.5,0.5,0.49,0.47,0.0,0.0,0.0,0.0,0.0,0.0,0.342904262635,1
0.1860512831336884,0.04182608530798601,0.8983872469434498,0.06666666600439286,0.06200000337428549,0.11066666848129715,0.0,593.180199642,1,0,0.0,0.0,0.0,0.0,0.0,0.04,0.37,0.03,0.0,0.0,0.25,1.0,0.48,0.0,0.0,0.01,0.05,0.0,0.0,0.0,0.0,0.0,0.0,0.0,0.226172485187,1
0.7107559169290311,0.2855830494548557,0.5988510838462302,0.8200000044034453,0.3035085102379342,0.48655069505508475,0.0,599.286089829,1,0,0.34,0.18,0.46,1.0,0.88,0.44,0.04,0.93,0.34,0.48,0.2,0.09,0.28,0.21,0.62,0.9,0.0,0.56,0.0,0.0,0.0,0.0,0.0,0.0,0.328206140761,1
0.11999999773171213,0.07515151276363494,0.5234502559193145,0.17142856037434295,0.04019047536513433,0.17142856037434295,0.0,637.354474126,1,0,0.0,0.0,0.0,0.21,0.61,1.0,0.05,0.6,0.88,0.77,0.5,0.59,0.06,0.11,0.03,0.0,0.0,0.06,0.0,0.0,0.0,0.0,0.0,0.0,0.323882426799,1
0.02848484714004955,0.08222222107428095,0.09999999776482582,0.30697834366927385,0.03400000125169764,0.025818180681999144,0.0,861.762811922,1,0,0.01,0.09,0.0,0.06,0.22,0.48,0.01,0.61,0.55,1.0,0.01,0.52,0.97,0.25,0.0,0.04,0.18,0.16,0.0,0.0,0.0,0.0,0.0,0.0,0.302034766211,1
0.12234919963352467,0.11347236698069911,0.5352426539123223,0.006012422534300212,0.05747368092984952,0.18433357187750787,815032.0,1264.03289743,189,172,0.0,0.0,0.0,0.24,0.03,1.0,0.0,0.36,0.19,0.25,0.0,0.19,0.8,0.13,0.02,0.04,0.09,0.28,0.0,0.0,0.0,0.0,0.0,0.0,0.251841826462,1
0.0320764100404395,0.059685734596504655,0.0664733796979265,0.034304639583503396,0.020018900005840272,0.0883918171245574,470288.0,1418.89100768,104,140,0.45,0.46,0.46,0.43,0.9,0.81,0.46,0.41,1.0,0.83,0.43,0.43,0.78,0.87,0.44,0.45,0.53,0.4,0.0,0.0,0.0,0.0,0.0,0.0,0.308800322035,1
0.01951734161854067,0.022126370337542133,0.053285305384398005,0.09804687902042192,0.09568201059816936,0.020557752315815168,889300.0,1291.09526494,47,155,0.3,0.54,0.62,0.43,0.63,1.0,0.77,0.76,0.57,0.55,0.75,0.91,0.88,0.78,0.63,0.61,0.57,0.25,0.0,0.0,0.0,0.0,0.0,0.0,0.32384811898,1
0.17902564406255614,0.20526531030347195,0.5052753126938225,0.023197435445791472,0.4177936546718301,0.83430326977524,868088.0,1006.65843528,39,97,0.4,0.37,0.43,0.25,0.65,0.39,0.25,0.08,0.41,0.52,0.37,0.31,0.8,1.0,0.55,0.35,0.54,0.63,0.0,0.0,0.0,0.0,0.0,0.0,0.269442583041,1
0.07794273892321685,0.30393923880773377,0.575653677798375,0.11641372322548157,0.19274586475282135,0.20587810678594795,744824.0,1211.14249653,50,165,0.56,0.42,0.17,0.1,0.63,0.59,0.53,0.22,0.51,0.97,0.57,0.43,0.75,1.0,0.05,0.06,0.15,0.28,0.0,0.0,0.0,0.0,0.0,0.0,0.311146792349,1
0.874188049703,0.1255767197936626,0.027475733513282596,0.6907670902275276,0.5176115417427603,0.13579486939348367,764580.0,1057.81872809,57,158,0.19,0.34,0.19,0.2,0.31,0.75,0.25,0.28,0.74,1.0,0.48,0.59,0.99,0.84,0.75,0.47,0.39,0.43,0.0,0.0,0.0,0.0,0.0,0.0,0.318884503212,1
0.4170847188428176,0.042301878424061905,0.047480515608987695,0.42511174560544607,0.3031236492191518,0.06893999046471239,607380.0,800.215711362,17,180,1.0,0.84,0.26,0.33,0.8,0.9,0.67,0.82,0.59,0.49,0.36,0.61,0.49,0.12,0.01,0.1,0.0,0.16,0.0,0.0,0.0,0.0,0.0,0.0,0.340805571404,1
0.24510604765991345,0.1403193104473138,0.44163978493500977,0.9620235496185086,0.1672651679449181,0.17646595729535183,913848.0,695.486750224,15,180,0.14,0.1,0.45,0.26,0.62,0.8,0.06,0.52,0.85,0.63,0.16,1.0,0.64,0.34,0.29,0.42,0.13,0.2,0.0,0.0,0.0,0.0,0.0,0.0,0.30088036336,1
0.3257077116855277,0.10083455622204665,0.08065019561925116,0.07018067079396163,0.148021441282762,0.16058379564639977,417212.0,1211.5217627,86,89,0.56,0.48,0.34,0.46,1.0,0.74,0.59,0.64,0.73,0.97,0.47,0.39,0.65,0.82,0.42,0.29,0.17,0.17,0.0,0.0,0.0,0.0,0.0,0.0,0.31364761499,1
0.008862117350996145,0.02857239565420921,0.1242693196600358,0.34164105439552245,0.387898854891318,0.13464677687618676,859380.0,1211.66391035,56,92,0.84,0.68,0.3,0.42,0.87,0.82,0.65,0.66,1.0,0.9,0.33,0.29,0.66,0.64,0.31,0.28,0.28,0.38,0.0,0.0,0.0,0.0,0.0,0.0,0.325211202742,1
0.25955179189219396,0.4743110832893109,2.1451678758034123,0.12171428767157531,0.34489510139360546,0.026448430479196972,0.0,711.913952828,1,0,0.0,0.0,0.36,0.25,0.07,1.0,0.8,0.32,0.26,0.66,0.04,0.04,0.07,0.05,0.01,0.0,0.0,0.03,0.0,0.0,0.0,0.0,0.0,0.0,0.273922130054,1
0.29694835271028214,0.03815153002168184,0.25530332231562164,0.460775560800846,0.2717264948597546,0.6547163578490848,0.0,1046.53145239,1,0,0.0,0.24,0.15,0.43,0.17,0.13,0.24,0.43,0.56,0.47,0.36,0.54,1.0,0.98,0.23,0.46,0.22,0.47,0.0,0.0,0.0,0.0,0.0,0.0,0.28244468485,1
0.012363383787403827,0.13454309198358794,0.205034603225798,0.055857468748140814,0.13852549144137605,0.06368724022292611,539528.0,946.949007382,54,180,0.53,0.29,0.09,0.09,0.74,0.74,0.5,0.48,0.47,0.8,0.91,0.86,0.91,1.0,0.54,0.18,0.26,0.44,0.0,0.0,0.0,0.0,0.0,0.0,0.339883303094,1
0.024516788709890224,0.12388270826091256,0.12378903150010169,0.07273724359300983,0.013417898779144215,0.06409289794085396,442036.0,1198.72176411,225,180,0.63,0.28,0.27,0.68,1.0,0.72,0.28,0.56,0.65,0.75,0.35,0.39,0.3,0.78,0.28,0.22,0.09,0.41,0.0,0.0,0.0,0.0,0.0,0.0,0.293796982058,1
0.05548188633191018,0.10894177957682095,0.15824592694595796,0.06514933125509861,0.005712519891174331,0.13112481341177873,839552.0,1545.92175212,121,117,0.3,0.26,0.4,0.65,1.0,0.5,0.49,0.28,0.94,0.9,0.39,0.66,0.7,0.97,0.62,0.67,0.37,0.02,0.0,0.0,0.0,0.0,0.0,0.0,0.336905855627,1
0.0426530521386151,0.0861543156407299,0.20582694262597784,0.13964847806837713,0.6296709010298537,0.05408452762290348,561628.0,1264.35388819,378,144,0.06,0.31,0.27,0.43,0.76,0.54,0.44,0.82,0.9,1.0,0.68,0.87,0.87,0.62,0.4,0.44,0.39,0.02,0.0,0.0,0.0,0.0,0.0,0.0,0.33858672777,1
0.15270333348507903,0.15427631394215746,0.07581570858824035,0.031420453312548426,0.3024930925567913,0.34428749694970534,383176.0,1543.57811518,20,157,0.46,0.46,0.4,0.45,0.84,0.85,0.34,0.41,0.96,0.92,0.51,0.56,0.84,1.0,0.37,0.47,0.53,0.6,0.0,0.0,0.0,0.0,0.0,0.0,0.324634142365,1
0.6037583281135929,0.06572072512155745,0.4616942213779449,0.13649245467715482,0.21187419280601577,0.24442433743090553,822768.0,786.346037681,68,32,0.3,0.13,0.13,0.2,0.3,0.13,0.18,0.35,0.46,0.0,0.11,0.48,1.0,0.29,0.24,0.78,0.33,0.15,0.0,0.0,0.0,0.0,0.0,0.0,0.247750995065,1
0.020668397539457598,0.024729746431489154,0.05112781512611193,0.03632665380616294,0.0425330405371077,0.07396376776736496,0.0,2344.35947695,1,0,0.66,0.6,0.57,0.59,1.0,0.96,0.34,0.35,0.78,0.75,0.3,0.29,0.63,0.6,0.23,0.21,0.23,0.32,0.0,0.0,0.0,0.0,0.0,0.0,0.309097869704,1
0.2353333380570018,0.048727275743957486,0.3380952456674618,0.055393945539868164,1.6971490404384832,0.029333331518703203,677212.0,761.524920539,89,84,0.0,0.07,0.0,0.0,0.0,0.17,0.19,0.54,0.5,0.34,0.41,1.0,0.9,0.66,0.84,0.82,0.48,0.07,0.0,0.0,0.0,0.0,0.0,0.0,0.336542623601,1
0.9563390737037929,0.8345718961460098,0.6168575581425102,0.9957992637553861,1.3246937825432377,0.8771716839543939,54000.0,582.468896234,808,28,0.29,0.43,0.37,0.68,0.95,0.98,0.42,0.69,0.81,0.98,0.4,0.36,0.76,1.0,0.33,0.57,0.75,0.65,0.0,0.0,0.0,0.0,0.0,0.0,0.344733189905,1
0.2427442984435267,0.7958856995500496,1.0867956938160277,0.08391325671418023,0.7187371647983939,0.3153379352604613,546780.0,868.524027374,5,51,0.15,0.55,0.28,0.26,0.24,1.0,0.7,0.42,0.36,0.88,0.38,0.29,0.69,0.34,0.15,0.06,0.08,0.01,0.0,0.0,0.0,0.0,0.0,0.0,0.288848287745,1
0.23345188032497993,0.645612704280707,0.42080241796007967,0.23957549560573657,0.4045422599773168,0.4124368020274478,1006800.0,474.052378781,21,77,0.11,0.08,0.38,0.41,0.2,0.34,0.31,0.69,0.67,1.0,0.53,0.86,0.48,0.87,0.4,0.46,0.22,0.28,0.0,0.0,0.0,0.0,0.0,0.0,0.299332300945,1
0.1926166470325918,0.1949827362459643,0.31887763125418356,0.27414079606175856,0.12706150775078778,0.3142966788398858,0.0,287.492647109,2,8,0.67,0.85,0.55,0.38,0.86,1.0,0.54,0.21,0.69,0.68,0.52,0.55,0.94,0.89,0.54,0.74,0.69,0.51,0.0,0.0,0.0,0.0,0.0,0.0,0.331951040148,1
0.30841972433942283,0.6769882372362253,0.4084887438674462,0.6088030893397326,0.03393156059447312,0.13422220633721738,662340.0,745.300297355,125,126,0.13,0.41,0.16,0.48,1.0,0.39,0.0,0.0,0.35,0.0,0.0,0.0,0.52,0.05,0.0,0.0,0.0,0.0,0.0,0.0,0.0,0.0,0.0,0.0,0.248411271327,1
0.37797931557973785,0.2846683802596822,0.5350596254591222,0.9932773199360565,0.5391113212971421,1.3088742337777233,803652.0,390.901620257,88,80,0.43,0.37,0.38,0.23,0.71,0.69,0.3,0.38,0.96,0.85,0.38,0.43,1.0,0.97,0.47,0.47,0.47,0.46,0.0,0.0,0.0,0.0,0.0,0.0,0.316042971322,1
0.5209083470686239,0.2963763481788339,0.5222396647925374,0.46609325247963684,0.30895237723209173,2.673300950339658,791868.0,660.183397144,11,35,1.0,0.51,0.58,0.42,0.46,0.47,0.0,0.0,0.37,0.0,0.0,0.0,0.0,0.0,0.0,0.0,0.0,0.0,0.0,0.0,0.0,0.0,0.0,0.0,0.269061834591,1
0.3187841149600978,0.8218529646467235,0.22041621194051275,0.5998428527208067,0.13402141090318173,1.343869139223866,538256.0,512.710367139,159,77,0.4,0.5,0.51,0.5,1.0,0.2,0.0,0.0,0.54,0.0,0.0,0.0,0.3,0.03,0.0,0.0,0.0,0.0,0.0,0.0,0.0,0.0,0.0,0.0,0.264778471347,1
0.1443901684377654,0.08694737692548296,0.10561421087000714,0.11765851235766796,0.05975126523179021,0.0870121373865165,665612.0,1814.33309863,17,110,0.26,0.28,0.4,0.52,0.81,0.66,0.43,0.35,0.88,0.59,0.33,0.6,0.87,1.0,0.48,0.85,0.73,0.7,0.0,0.0,0.0,0.0,0.0,0.0,0.322325534204,1
2.5528461554726274,2.0024219373843932,1.5760253880096464,1.6842218010942172,0.5752482359692369,0.3294528094382128,1036340.0,307.12806011,2,71,1.0,0.63,0.44,0.4,0.78,0.41,0.0,0.0,0.4,0.02,0.0,0.0,0.42,0.02,0.0,0.0,0.12,0.03,0.0,0.0,0.0,0.0,0.0,0.0,0.286559754773,1
2.8168034476358366,0.011168828642796808,0.26580951713650725,0.5505894494241802,0.16114285909737608,0.4092063313196629,1066980.0,729.495904667,2,23,0.99,0.93,0.54,0.0,0.96,0.88,0.9,0.0,1.0,0.98,0.63,0.0,0.3,0.35,0.03,0.0,0.0,0.0,0.0,0.0,0.0,0.0,0.0,0.0,0.418825863775,1
1.0147474135725774,0.2216645772738896,1.574012811504676,1.073913048157057,0.06721935376236413,1.2571574140846058,1071692.0,746.880078345,2,29,0.0,0.0,0.14,0.79,0.89,0.91,0.34,0.93,0.97,1.0,0.29,0.81,0.93,0.87,0.07,0.58,0.79,0.77,0.0,0.0,0.0,0.0,0.0,0.0,0.40775469205,1
0.24363498331332434,0.8029903538567358,0.3303231462515889,0.2010968734302073,0.8164315099699213,0.17928442732293054,809128.0,280.899189598,12,0,0.97,0.5,0.5,0.5,1.0,0.5,0.0,0.0,0.5,0.0,0.0,0.0,0.5,0.0,0.0,0.0,0.0,0.0,0.0,0.0,0.0,0.0,0.0,0.0,0.316997360224,1
0.041739127001881954,0.03854544816800446,0.21811493646316635,0.11412008027386299,0.02666666607062022,0.03738095591693732,801376.0,519.36825848,2,138,0.03,0.2,0.29,0.22,0.1,0.57,0.73,0.42,0.5,1.0,0.56,0.16,0.04,0.75,0.09,0.04,0.08,0.48,0.0,0.0,0.0,0.0,0.0,0.0,0.287560380133,1
0.041802812282525706,0.16652518766206703,0.02672702859323617,0.043954024007427206,0.06491375431659449,0.20752822654136904,386452.0,1104.44440465,2,180,0.21,0.35,0.15,0.19,0.42,0.23,0.34,0.32,1.0,0.64,0.16,0.68,0.9,0.28,0.29,0.75,0.65,0.14,0.0,0.0,0.0,0.0,0.0,0.0,0.29416430594,1
0.22166885054289176,0.2453333086437673,0.055711843241265734,0.10779654768858257,0.5221192531527175,0.08137399790578767,518156.0,1033.18424241,10,180,0.51,0.54,0.39,0.04,0.7,1.0,0.25,0.21,0.32,0.39,0.32,0.44,0.48,0.59,0.43,0.17,0.12,0.22,0.0,0.0,0.0,0.0,0.0,0.0,0.257822074738,1
0.15657249918019128,0.025212119677589063,0.13462652288463195,0.07365079363585181,0.08590886503578869,0.07697766594790054,372548.0,925.806014635,5,180,0.23,0.54,0.52,0.5,0.78,0.88,0.36,0.14,0.94,1.0,0.23,0.11,0.8,0.9,0.18,0.08,0.35,0.93,0.0,0.0,0.0,0.0,0.0,0.0,0.358526837288,1
0.6693992947101287,0.12061970110267321,0.09812607393578097,0.4568879743221649,0.18045228711826722,0.22966319942198238,200080.0,727.824603382,2,13,0.76,0.79,0.74,0.62,0.7,0.98,1.0,0.56,1.0,0.71,0.61,0.27,0.66,0.71,0.43,0.37,0.16,0.03,0.0,0.0,0.0,0.0,0.0,0.0,0.353615257024,1
0.9291441365972553,2.3077394442516694,0.1256521768297564,0.3516190525784654,0.5701333262180666,0.14902438329181628,905872.0,385.378660156,23,56,0.05,0.0,0.19,0.0,0.22,0.53,0.66,0.01,0.14,0.55,1.0,0.19,0.74,0.52,0.38,0.12,0.02,0.01,0.0,0.0,0.0,0.0,0.0,0.0,0.28543795541,1
0.4151111317803099,0.22178293100660862,0.15142856561103651,0.03851851717209947,1.348352729315104,1.0278429930901263,423752.0,473.467823497,301,56,0.0,0.0,0.16,0.0,0.03,0.1,0.46,0.09,0.04,0.3,1.0,0.8,0.09,0.0,0.3,0.06,0.03,0.01,0.0,0.0,0.0,0.0,0.0,0.0,0.257293269226,1
0.12984615076399422,0.7471111113716069,0.033846151568656876,0.06683982553796566,0.13047618599705688,0.018666666696469006,480896.0,460.597774879,330,35,0.0,0.0,0.02,1.0,0.88,0.02,0.72,0.52,0.16,0.51,1.0,0.34,0.22,0.22,0.11,0.0,0.0,0.0,0.0,0.0,0.0,0.0,0.0,0.0,0.336088612654,1
0.07093131503270858,0.056238191736509624,0.24009217697460808,0.08421614905079072,0.0678310969094327,0.24455991400910643,970684.0,1370.53742223,2,47,0.37,0.4,0.36,0.59,1.0,0.92,0.28,0.41,0.87,1.0,0.48,0.41,0.72,0.81,0.5,0.42,0.38,0.38,0.0,0.0,0.0,0.0,0.0,0.0,0.322243653502,1
0.7939827663605634,0.38129793106906046,0.3152970368017646,0.20179889954070607,0.16858716971297388,0.18757375793532932,470132.0,710.027847111,36,54,0.32,1.0,0.63,0.04,0.15,0.85,0.62,0.07,0.06,0.72,0.48,0.02,0.06,0.58,0.46,0.01,0.0,0.0,0.0,0.0,0.0,0.0,0.0,0.0,0.316523816464,1
0.3285786255677404,0.8582032068050218,0.11009747319414617,0.33478806311210985,0.023264309822889545,0.31144861739755697,752476.0,934.309506617,18,180,0.48,0.64,0.68,0.72,0.8,0.75,0.37,0.55,0.98,1.0,0.5,0.47,0.74,0.7,0.35,0.32,0.18,0.27,0.0,0.0,0.0,0.0,0.0,0.0,0.320679616856,1
0.09231040540430875,0.17505628273043627,0.041609817706019146,0.05112667863885856,0.07033853559254834,0.024262170106868784,595036.0,1068.14990864,237,180,0.61,0.56,0.86,0.5,0.87,1.0,0.5,0.45,0.21,0.68,0.38,0.51,0.63,0.59,0.25,0.25,0.09,0.14,0.0,0.0,0.0,0.0,0.0,0.0,0.306739121875,1
0.0994686822028639,0.44594791863160665,0.1983193138711341,0.09073246875358784,0.3136223845133708,0.08957942057040728,835996.0,823.512688225,72,112,0.0,0.0,0.01,0.09,0.1,0.06,0.14,0.11,0.1,0.39,0.08,0.9,1.0,0.2,0.33,0.35,0.33,0.01,0.0,0.0,0.0,0.0,0.0,0.0,0.264370321078,1
0.543327267815587,1.1477744759568305,0.053752958636009235,0.38177150257758335,0.04289321446927216,0.04044164774726055,715956.0,434.511041089,630,25,0.54,0.57,0.58,0.54,0.98,0.78,0.48,0.6,0.95,0.75,0.43,0.5,1.0,0.64,0.41,0.42,0.49,0.26,0.0,0.0,0.0,0.0,0.0,0.0,0.316016877186,1
0.0916000095546249,0.4805899569283351,0.013157511972856112,0.09733332880669188,0.11748300777888199,0.10652873186056203,790868.0,699.162860895,43,156,0.76,1.0,0.31,0.08,0.66,0.67,0.57,0.25,0.52,0.67,0.65,0.65,0.73,0.27,0.15,0.3,0.13,0.02,0.0,0.0,0.0,0.0,0.0,0.0,0.310838639365,1
0.1404428739042533,0.14578654221296813,0.1876516290827696,0.053444926265774684,0.2920676198350804,0.12252606430216705,1118112.0,694.365824349,13,42,0.14,0.43,0.4,0.48,0.74,0.61,0.13,0.35,0.91,1.0,0.35,0.4,0.79,0.98,0.6,0.62,0.55,0.37,0.0,0.0,0.0,0.0,0.0,0.0,0.322121601866,1
0.0397369624890173,0.6034539052322512,0.1342297855268202,0.23589982120755965,0.5366732490491326,0.028757901317571374,711104.0,767.87738499,3,139,0.14,0.46,0.48,0.44,0.51,0.47,0.47,0.41,0.4,0.83,0.48,0.47,0.54,0.62,0.61,1.0,0.9,0.39,0.0,0.0,0.0,0.0,0.0,0.0,0.287197908922,1
0.06410678645485955,0.015667601603897695,0.27053656160744644,0.06256410244418818,0.012444446081252052,0.04907384732119759,685480.0,973.543462158,2,46,0.07,0.0,0.58,0.03,0.26,0.13,0.61,0.61,0.15,0.14,0.52,1.0,0.34,0.07,0.61,0.49,0.3,0.05,0.0,0.0,0.0,0.0,0.0,0.0,0.276023348449,1
0.132108841340507,0.10454546122142232,0.038629888254965064,0.22094138239988328,0.029958527483787082,0.06245853313564935,725576.0,1054.731637,2,48,0.38,1.0,0.81,0.23,0.11,0.22,0.51,0.76,0.29,0.5,0.7,0.21,0.28,0.09,0.16,0.83,0.59,0.06,0.0,0.0,0.0,0.0,0.0,0.0,0.308409618941,1
0.03355936627709623,0.1241656881819301,0.1457211267083614,0.043085488511671155,0.08215073420915009,0.32574457850740113,700232.0,1322.96493728,50,161,0.47,0.27,0.28,0.5,0.81,0.67,0.2,0.31,0.53,0.64,0.22,0.21,0.63,1.0,0.76,0.39,0.36,0.34,0.0,0.0,0.0,0.0,0.0,0.0,0.284575402525,1
0.2142298776157585,0.2413627666551449,0.3663172469815072,0.447582903232842,0.14763390420821146,0.3664045488670383,768836.0,918.734998237,33,70,0.0,0.0,0.01,0.01,0.02,0.01,0.65,1.0,0.27,0.05,0.61,0.67,0.2,0.05,0.03,0.1,0.0,0.0,0.0,0.0,0.0,0.0,0.0,0.0,0.274524842025,1
0.07999999821186066,0.34678361918650497,0.12799999728798875,0.023999999612569815,0.00400000005960465,0.023999999612569815,0.0,199.632440408,1,0,0.0,0.0,0.01,0.27,0.04,0.01,0.6,1.0,0.7,0.1,0.0,0.2,0.09,0.03,0.0,0.04,0.02,0.0,0.0,0.0,0.0,0.0,0.0,0.0,0.256798870173,1
0.2550164974985873,0.06342149114856563,0.17966511618026298,0.1796235644383122,0.9392432628496695,0.10396256627936598,577292.0,946.512849669,206,180,0.0,0.21,0.14,0.1,0.25,0.61,0.81,0.57,0.86,1.0,0.8,0.84,1.0,0.97,0.74,0.73,0.52,0.26,0.0,0.0,0.0,0.0,0.0,0.0,0.377412379456,1
0.07828981420086403,0.00856270419305111,0.055723022168972375,0.08101698426412517,0.020456508981749603,0.013870755226624776,454140.0,1171.19017411,39,180,0.46,0.43,0.35,0.34,0.8,0.78,0.37,0.31,0.72,1.0,0.43,0.43,0.85,0.74,0.41,0.29,0.29,0.4,0.0,0.0,0.0,0.0,0.0,0.0,0.29502353955,1
0.2864740794661159,0.2898284227479112,0.17366209757924417,0.3098334492271318,0.39644934143636035,0.18749105539912703,974980.0,1083.47074362,21,114,0.02,0.04,0.07,0.03,0.07,0.15,0.08,0.08,0.47,0.37,0.5,0.36,1.0,0.58,0.44,0.5,0.65,0.45,0.0,0.0,0.0,0.0,0.0,0.0,0.270769223181,1
0.03096240392049668,0.039545502443460945,0.03326984114849216,0.0492567761492883,0.05690546076608865,0.062035874710923054,242080.0,1265.38859378,804,149,0.03,0.15,0.02,0.03,0.48,0.74,0.6,0.57,0.93,1.0,0.6,0.6,0.62,0.63,0.09,0.09,0.28,0.12,0.0,0.0,0.0,0.0,0.0,0.0,0.327158430869,1
0.2482913841767173,0.284589492901244,0.6301536279141643,0.18819205029930558,0.038067636553539896,0.23414565851718666,472940.0,947.273891357,402,180,0.38,0.15,0.2,0.07,0.8,0.76,0.27,0.23,0.56,0.77,0.48,0.16,0.91,1.0,0.47,0.14,0.0,0.0,0.0,0.0,0.0,0.0,0.0,0.0,0.325023236349,1
0.11054790681124456,0.07461794434960586,0.5293880591962602,0.04407844064271437,0.2554076654847762,0.34624602271223515,189696.0,1145.64064885,366,80,0.17,0.14,0.09,0.22,0.51,0.45,0.17,0.31,0.67,0.88,0.24,0.29,1.0,0.99,0.25,0.35,0.59,0.66,0.0,0.0,0.0,0.0,0.0,0.0,0.313119386177,1
0.012873185442124093,0.11746078708398232,0.05169237910897749,0.05187387708901182,0.18084171420752818,0.11210713581524306,517772.0,1172.33498177,80,180,0.5,0.29,0.51,0.51,0.69,0.49,0.4,0.21,0.62,0.3,0.4,0.39,1.0,0.46,0.59,0.42,0.59,0.45,0.0,0.0,0.0,0.0,0.0,0.0,0.258718798441,1
0.051091139992414596,0.4041843700206166,0.0629259795967604,0.08523354125214212,0.0633511589493185,0.02949994825408868,559772.0,798.762769409,125,166,0.0,0.1,0.28,0.53,0.81,1.0,0.44,0.36,0.77,0.92,0.59,0.69,0.65,0.77,0.68,0.55,0.6,0.37,0.0,0.0,0.0,0.0,0.0,0.0,0.331062840208,1
0.06841270678199707,0.11471785924596603,0.06424403160062403,0.07535352052754267,0.04026666558186222,0.1098518611216829,409588.0,1051.95778852,91,180,0.02,0.01,0.13,0.05,0.18,0.22,0.18,0.12,0.52,0.45,0.22,0.37,0.92,1.0,0.46,0.35,0.57,0.88,0.0,0.0,0.0,0.0,0.0,0.0,0.305702458373,1
0.2795238060973876,0.8468767217105935,0.09512605202738056,0.047301585064498455,0.2947368783335695,0.13104761804785597,695736.0,412.659558607,57,8,0.16,0.89,1.0,0.79,0.29,0.7,0.83,0.49,0.32,0.58,0.32,0.31,0.02,0.02,0.02,0.17,0.0,0.0,0.0,0.0,0.0,0.0,0.0,0.0,0.330580035275,1
0.19903519406192474,0.04679821508544527,0.19845137774800303,0.13900855076206342,0.1461793866763837,0.06494475121579393,0.0,1167.33041752,1,0,0.28,0.45,0.53,0.52,0.89,0.66,0.52,0.62,1.0,0.87,0.18,0.41,0.42,0.37,0.06,0.16,0.28,0.45,0.0,0.0,0.0,0.0,0.0,0.0,0.300240355105,1
0.13999999687075615,0.341567761928511,0.1137142859794656,0.03999999910593033,0.019999999552965164,0.019999999552965164,671572.0,175.47059655,395,30,0.0,0.0,0.01,0.28,0.05,0.02,0.58,1.0,0.71,0.11,0.0,0.25,0.12,0.05,0.0,0.04,0.03,0.02,0.0,0.0,0.0,0.0,0.0,0.0,0.255828922329,1
0.40546297850387536,0.7606534839341976,0.4552555810609794,0.03932676202281053,0.226066807186528,0.02466504826200894,950412.0,372.797630452,180,48,0.0,0.05,0.03,0.26,0.03,0.1,0.45,0.88,0.62,0.45,0.9,0.78,1.0,0.36,0.34,0.29,0.18,0.1,0.0,0.0,0.0,0.0,0.0,0.0,0.322605495235,1
0.1006349197812482,0.13999999562899273,0.26171427573172434,0.08604830656108085,0.3962770833509198,0.22057141427651863,899376.0,267.809578153,410,28,0.0,0.0,0.16,0.06,0.01,0.58,0.99,0.82,0.32,0.94,0.92,1.0,0.83,0.07,0.05,0.08,0.2,0.15,0.0,0.0,0.0,0.0,0.0,0.0,0.380119681445,1
0.09904761975652242,0.18202800214374545,0.08999999860922511,0.03620414481066868,0.06666666724615637,0.02848484714004955,963248.0,404.867983199,17,25,0.02,0.28,0.26,0.52,0.44,0.55,0.57,0.61,1.0,0.78,0.49,0.57,0.74,0.35,0.17,0.29,0.33,0.0,0.0,0.0,0.0,0.0,0.0,0.0,0.290731536626,1
0.44166751072570837,0.09092446808060192,0.01943328533493447,0.17153620967469277,0.1536110451136839,0.3610609772698722,444472.0,1320.34013967,227,151,0.56,0.56,0.44,0.43,1.0,0.76,0.36,0.25,0.81,0.71,0.26,0.2,0.82,0.63,0.37,0.31,0.26,0.32,0.0,0.0,0.0,0.0,0.0,0.0,0.296007871048,1
0.12821428566778328,0.26257078631957786,0.5362707875064289,0.22977593533378943,0.43463779174254946,0.3265094586774572,1037636.0,954.121298507,51,35,0.27,0.48,0.53,0.53,0.71,0.96,0.48,0.52,0.73,0.85,0.44,0.57,0.76,1.0,0.48,0.63,0.5,0.31,0.0,0.0,0.0,0.0,0.0,0.0,0.309663515861,1
1.0011080568776938,0.6581828076582812,0.2990408017847009,1.5124403700849312,0.22931355887540292,0.2986805827204748,622680.0,781.288199032,76,73,0.05,0.25,0.57,0.64,0.4,0.64,1.0,0.53,0.47,0.39,0.18,0.29,0.66,0.46,0.05,0.25,0.68,0.27,0.0,0.0,0.0,0.0,0.0,0.0,0.278760899139,1
0.16693785002921072,0.07235437592633837,0.34649191427517645,0.11935730248918917,0.14078399780814552,0.3902221399748082,1005364.0,784.879559187,11,58,0.01,0.0,0.0,0.02,0.15,0.46,0.36,0.25,0.59,0.32,0.4,0.38,0.71,1.0,0.42,0.13,0.02,0.01,0.0,0.0,0.0,0.0,0.0,0.0,0.269242442894,1
0.5656986867566687,0.7005212152002139,0.31625309449984884,0.0888496993600879,0.1897585987252084,0.3382032102527403,420100.0,1166.09999568,7,91,0.36,0.52,0.47,0.41,1.0,0.91,0.3,0.31,0.77,0.83,0.43,0.31,0.59,0.62,0.29,0.21,0.26,0.21,0.0,0.0,0.0,0.0,0.0,0.0,0.296629211119,1
0.33065059542486236,0.23511111411109006,0.4976744299948296,0.6226329610130802,0.07306013745922864,0.08407086466003037,693256.0,1228.85332639,46,32,1.0,0.48,0.48,0.48,0.96,0.55,0.0,0.0,0.48,0.0,0.0,0.0,0.48,0.0,0.03,0.0,0.0,0.0,0.0,0.0,0.0,0.0,0.0,0.0,0.313593641871,0
0.5769663837856066,0.2182272758342999,0.8305530175737438,0.8816120840797754,0.7236431315261591,1.4528914096247505,878100.0,647.997486521,4,92,0.0,0.0,0.09,0.2,0.0,0.19,0.93,0.62,0.16,0.28,0.7,0.27,0.47,0.64,1.0,0.51,0.47,0.52,0.0,0.0,0.0,0.0,0.0,0.0,0.310333322145,0
0.27126236449015534,0.9144415613200237,0.24885574758804263,0.29283641234641516,0.06595336679579215,0.24920461257183082,722976.0,1161.15006541,36,133,0.86,0.5,0.5,0.46,0.94,0.7,0.01,0.07,0.46,0.49,0.31,0.15,0.84,1.0,0.53,0.5,0.59,0.92,0.0,0.0,0.0,0.0,0.0,0.0,0.34186351037,0
0.19488380418390266,0.08401344397345088,0.3013493603073663,0.21851439021895033,0.12231091313944548,0.3889133453850898,682024.0,1163.66957659,55,154,0.21,0.34,0.28,0.05,1.0,0.85,0.29,0.33,0.73,0.71,0.15,0.19,0.59,0.94,0.36,0.3,0.24,0.16,0.0,0.0,0.0,0.0,0.0,0.0,0.30976693748,0
0.14940462483752806,0.12487901154909378,0.11001763353491803,0.2234039798072301,0.3243354972087187,1.1572475865688798,925168.0,862.560121938,44,100,0.0,0.0,0.09,0.14,0.26,0.35,0.41,0.74,1.0,0.51,0.52,0.62,0.75,0.34,0.66,0.56,0.63,0.68,0.0,0.0,0.0,0.0,0.0,0.0,0.309043101992,0
0.10757782368762787,0.5688513372597478,0.1319279944415197,0.1287936911899018,0.03556472788214736,0.04053724068351861,607004.0,1045.8465782,35,45,0.0,0.06,0.59,0.97,0.46,0.23,0.2,0.9,0.47,0.81,0.57,0.66,0.54,1.0,0.12,0.0,0.03,0.59,0.0,0.0,0.0,0.0,0.0,0.0,0.347487010149,0
0.2056653584855161,0.21561446624896707,0.5560358240743241,0.273622472146648,0.14884963244460786,0.04369057187959616,737512.0,728.148547974,10,100,0.0,0.06,0.11,0.0,0.0,0.43,1.0,0.12,0.0,0.24,0.71,0.13,0.62,0.8,0.73,0.67,0.67,0.6,0.0,0.0,0.0,0.0,0.0,0.0,0.331077523231,0
0.0804692467106529,0.07615346591054117,0.09565492395343754,0.12794739510741263,0.04235788300800023,0.28320892212346876,1085556.0,684.287108661,2,32,0.54,0.46,0.39,0.19,0.82,1.0,0.82,0.61,0.64,0.77,0.41,0.57,0.25,0.37,0.14,0.17,0.14,0.13,0.0,0.0,0.0,0.0,0.0,0.0,0.305108132016,0
0.4141280099092794,0.19088887526053394,0.29767774760013266,0.9389491840703961,0.7162477329775425,1.1749993408628858,844104.0,661.697738593,7,132,0.0,0.0,0.0,0.03,0.21,0.02,0.43,0.64,0.28,0.35,0.92,0.41,0.95,0.78,0.83,0.91,1.0,0.97,0.0,0.0,0.0,0.0,0.0,0.0,0.389901830593,0
0.2948528211295916,0.4153393974180234,0.31923915754012727,0.38340855090733045,0.05083780741035087,0.7040372808837798,982656.0,679.46519178,14,77,0.4,0.56,0.5,0.48,0.72,0.84,0.53,0.94,1.0,0.53,0.79,0.55,0.28,0.53,0.57,0.43,0.05,0.04,0.0,0.0,0.0,0.0,0.0,0.0,0.320831168824,0
0.432640897405852,0.31327073223906676,0.20332114265071996,0.8583236899103812,1.1274251706288119,0.5816819250559583,813984.0,787.395091042,112,61,0.05,0.11,0.02,0.14,0.17,0.25,0.2,1.0,0.8,0.42,0.29,0.14,0.2,0.13,0.03,0.04,0.03,0.03,0.0,0.0,0.0,0.0,0.0,0.0,0.246970182073,0
0.12768495631243856,0.16961442344794658,0.39520200662281235,0.22012956878845735,0.1382595499784008,0.38849044692291423,896964.0,1025.73551671,39,92,0.03,0.02,0.19,0.47,0.18,0.38,0.86,0.57,0.21,0.99,0.95,0.66,0.5,1.0,0.32,0.26,0.27,0.24,0.0,0.0,0.0,0.0,0.0,0.0,0.334081452144,0
0.436201166705348,0.0412984145929968,0.15353082361654655,0.511275279739102,0.037919334133089795,0.017203102880187983,800680.0,766.501262124,114,90,0.15,0.06,0.05,0.71,0.27,0.35,0.4,0.87,1.0,0.63,0.77,0.23,0.76,0.11,0.03,0.03,0.36,0.18,0.0,0.0,0.0,0.0,0.0,0.0,0.317726297306,0
0.19064445711468186,0.24057025388552816,0.22457497821019035,0.69158711976185,0.48536479316024195,0.3572863190371397,965452.0,829.025162365,34,99,0.0,0.0,0.0,0.0,0.05,0.15,0.27,0.35,0.18,0.26,0.74,0.92,1.0,0.48,0.16,0.46,0.49,0.19,0.0,0.0,0.0,0.0,0.0,0.0,0.296117234667,0
0.16726464748596262,0.22166667412966548,0.5084109226436884,0.16734696716932976,0.11720144555759901,0.27980822584632015,585388.0,938.610991369,169,126,0.64,0.31,0.31,0.31,1.0,0.61,0.0,0.06,0.35,0.31,0.0,0.04,0.76,0.62,0.31,0.31,0.31,0.6,0.0,0.0,0.0,0.0,0.0,0.0,0.284970454122,0
0.08183775233378349,0.07601022423237068,0.33421335555211507,0.18295872163985769,0.5654058436277013,0.157786925330093,0.0,1007.8776128,1,0,0.05,0.23,0.21,0.04,0.23,0.63,0.45,0.57,0.75,1.0,0.43,0.53,0.61,0.65,0.26,0.29,0.27,0.12,0.0,0.0,0.0,0.0,0.0,0.0,0.281927886761,0
0.40129112077545404,0.04257417055233416,0.06141888160531124,0.12821310967894695,0.044814172135332696,0.18714299821321442,464552.0,1080.28707889,60,127,0.0,0.0,0.0,0.0,0.04,0.27,0.15,0.33,0.18,0.49,0.11,0.15,0.9,1.0,0.55,0.41,0.16,0.14,0.0,0.0,0.0,0.0,0.0,0.0,0.277378602075,0
0.21672772623199157,0.01500286265040319,0.39542549552190037,0.2729870365643442,0.22746406602872316,0.11530819565554545,923068.0,228.03872422,24,30,0.0,0.0,0.16,0.23,0.0,0.15,0.51,0.45,0.01,1.0,0.96,0.07,0.52,0.56,0.42,0.34,0.28,0.56,0.0,0.0,0.0,0.0,0.0,0.0,0.299038969961,0
0.3019924206316979,0.35595818307738275,0.1529630118935764,0.6521049348550013,0.6241916288858416,1.045164284655094,632652.0,613.563672566,2,21,0.0,0.0,0.05,0.28,0.48,0.34,0.56,0.41,0.55,0.28,0.43,0.26,0.3,0.66,0.71,1.0,0.7,0.78,0.0,0.0,0.0,0.0,0.0,0.0,0.298719198784,0
0.04628024562677526,0.1915120606894082,0.01882222926939126,0.11752441774255729,0.3255490747695175,0.003101298888882498,0.0,1435.78661919,1,0,0.06,0.02,0.05,0.02,0.13,0.57,1.0,0.76,0.03,0.58,0.8,0.96,0.49,0.09,0.36,0.38,0.7,0.18,0.0,0.0,0.0,0.0,0.0,0.0,0.336760506724,0
0.0491773648075581,0.16630196252476967,0.20414081788387256,0.4210598965713538,0.07115979538581571,0.041444398185211166,963656.0,768.403053868,52,104,0.02,0.15,0.1,0.04,0.17,0.45,0.7,0.6,0.24,0.48,1.0,0.61,0.0,0.14,0.17,0.1,0.01,0.0,0.0,0.0,0.0,0.0,0.0,0.0,0.273956352971,0
0.05266667122642227,0.03523809072517266,0.10105262933171105,0.43874414050152255,0.06986665811936102,0.09321211227167145,760268.0,522.221462998,107,43,0.01,0.09,0.0,0.11,0.37,0.02,0.03,0.51,0.97,0.0,0.03,0.51,1.0,0.0,0.0,0.05,0.22,0.0,0.0,0.0,0.0,0.0,0.0,0.0,0.290913312785,0
0.05408708454951896,0.1935200594611643,0.8066666651931078,0.8890475420045263,0.5804108578396234,0.10738095509737339,848436.0,588.710014541,18,61,0.04,0.0,0.0,0.07,0.91,0.52,0.03,0.66,0.33,0.97,0.98,0.17,0.07,0.26,0.48,1.0,0.74,0.21,0.0,0.0,0.0,0.0,0.0,0.0,0.363363913086,0
0.0959291258672308,0.1828851587409191,0.15961471882143094,0.5638036716596442,0.5124512127097789,0.2006733761065977,1198044.0,1122.94711964,2,9,0.0,0.01,0.01,0.0,0.09,0.16,0.24,0.11,0.5,0.49,0.46,0.39,0.94,1.0,0.67,0.49,0.44,0.68,0.0,0.0,0.0,0.0,0.0,0.0,0.311363488904,0
0.12606940776105927,0.862953264271655,0.051997448044511584,0.31854109201147474,0.1234703319486764,0.853578237322842,0.0,1095.46081916,1,0,0.28,0.17,0.14,0.14,1.0,0.76,0.32,0.31,0.85,0.48,0.37,0.27,0.15,0.11,0.02,0.13,0.0,0.04,0.0,0.0,0.0,0.0,0.0,0.0,0.27838697088,0
0.8077737094964883,0.20257733171234227,0.6356619760024173,0.23972343372169652,0.3366635014872773,0.525392636120557,1094384.0,742.380174304,4,51,0.0,0.0,0.51,0.13,0.0,0.07,0.34,0.52,0.33,0.44,0.2,1.0,0.85,0.47,0.37,0.47,0.86,0.43,0.0,0.0,0.0,0.0,0.0,0.0,0.302783097558,0
0.6611002478456922,0.34142029040954663,3.6535815382615784,0.694881719589786,0.27525893899364356,1.080932229522089,1016764.0,1081.88886914,4,142,0.31,0.32,0.15,0.73,0.43,0.87,0.46,0.64,0.51,1.0,0.25,0.98,0.74,0.55,0.07,0.03,0.02,0.0,0.0,0.0,0.0,0.0,0.0,0.0,0.338463644856,0
0.17424890091862041,0.11443506971208464,0.145779041740839,0.3290068170173626,0.15817444962722046,0.4197545665681691,1255096.0,927.973663629,21,84,0.03,0.02,0.02,0.03,0.12,0.22,0.12,0.21,0.38,0.9,0.34,0.22,0.59,1.0,0.4,0.39,0.38,0.43,0.0,0.0,0.0,0.0,0.0,0.0,0.276144084774,0
0.029383452827623894,0.4226135094200297,0.4626777014500291,0.09721447730740763,0.057597506216129815,0.15124068200402457,532552.0,1132.83959985,8,120,0.33,0.18,0.13,0.38,0.52,0.18,0.18,0.29,1.0,0.71,0.18,0.46,0.89,0.74,0.2,0.39,0.33,0.44,0.0,0.0,0.0,0.0,0.0,0.0,0.284441155309,0
0.08586421834436113,0.6545008971727564,0.07609012972730192,0.13904762654956007,0.1845150035098865,0.08304762795026922,399280.0,818.511655375,36,131,0.0,0.06,0.79,0.38,0.18,0.75,1.0,0.71,0.93,0.89,0.33,0.35,0.76,0.52,0.13,0.05,0.01,0.01,0.0,0.0,0.0,0.0,0.0,0.0,0.357042004609,0
0.06567369601569392,0.05389129235065331,0.2655439482569099,0.1766587597754467,0.08144844289600449,0.7503676934542757,1060448.0,477.674073936,25,3,0.11,0.16,0.19,0.36,0.46,0.71,0.19,0.14,0.5,1.0,0.62,0.68,0.74,0.55,0.11,0.19,0.49,0.27,0.0,0.0,0.0,0.0,0.0,0.0,0.285617933902,0
0.010504708664546666,0.08210392363110311,0.048488692581012544,0.39815364779213186,0.15131531382060256,0.2815443591131455,636856.0,901.007123945,72,71,0.4,0.35,0.28,0.07,0.35,0.44,0.37,0.37,0.47,0.58,0.22,0.38,1.0,1.0,0.6,0.54,0.43,0.38,0.0,0.0,0.0,0.0,0.0,0.0,0.278724463205,0
1.0283455911041304,0.08111703502921777,0.12503233658492818,0.7807652042226816,0.2342077891571204,0.4558298465624822,1006568.0,966.41311943,92,52,0.14,0.07,0.22,0.85,1.0,0.33,0.19,0.27,0.9,0.92,0.34,0.13,0.56,0.76,0.28,0.06,0.06,0.14,0.0,0.0,0.0,0.0,0.0,0.0,0.330818639472,0
0.5855109880602458,0.1475237243612965,0.3297293215748713,0.8943392735664083,0.06914420504502883,0.32442700403905156,548540.0,715.972235216,56,79,0.2,0.24,0.31,0.12,0.27,0.14,0.12,0.2,0.36,0.27,0.41,0.26,1.0,1.0,0.84,0.66,0.53,0.75,0.0,0.0,0.0,0.0,0.0,0.0,0.310926036221,0
0.05066666467322262,0.169611346881977,0.03525952804874384,0.10936101808790909,0.005627797691538287,0.06642221615540822,590184.0,633.010846748,87,53,0.0,0.16,0.24,0.29,0.35,0.63,0.64,0.53,1.0,0.87,0.53,0.51,0.5,0.29,0.15,0.04,0.02,0.07,0.0,0.0,0.0,0.0,0.0,0.0,0.29584507019,0
0.021311704911476284,0.18281032587573776,0.013141454392388782,0.06489200362220197,0.04543463003984929,0.05427465685383158,645788.0,837.17787981,2,29,0.46,0.46,0.28,0.24,0.81,0.72,0.33,0.47,1.0,0.96,0.27,0.25,0.72,0.83,0.23,0.35,0.33,0.39,0.0,0.0,0.0,0.0,0.0,0.0,0.310495795284,0
0.4214925772746966,0.09299260166215176,0.3018323852979317,0.15489173891544547,1.0822996276459007,0.675100327933601,516804.0,854.509058473,16,123,0.74,0.51,0.6,0.6,0.87,0.73,0.79,0.45,0.56,0.25,0.01,0.23,1.0,0.85,0.58,0.6,0.59,0.96,0.0,0.0,0.0,0.0,0.0,0.0,0.341150015878,0
0.16859634539712243,0.07995010960594108,0.622370114098132,0.5945051239859673,0.4633907172394165,0.12894558126817923,1000320.0,550.720826939,2,27,0.22,0.72,0.69,0.13,0.27,0.96,1.0,0.6,0.1,0.56,0.75,0.93,0.3,0.22,0.69,0.92,0.72,0.37,0.0,0.0,0.0,0.0,0.0,0.0,0.352898464702,0
0.044606038203217666,0.07307820614983492,0.1973383665492589,0.08503240405395263,0.06591245721310317,0.07516145703298441,804996.0,1135.95096342,7,174,0.09,0.15,0.06,0.03,0.08,0.29,0.22,0.06,0.21,0.2,0.23,0.28,1.0,0.93,0.37,0.01,0.22,0.31,0.0,0.0,0.0,0.0,0.0,0.0,0.258460989964,0
0.21766302827548162,0.14788074899016446,0.05514472362390593,0.24194137912056357,0.367137029675489,0.10978696358581591,771820.0,864.740405256,2,25,0.09,0.06,0.1,0.37,0.88,1.0,0.26,0.24,0.15,0.08,0.24,0.24,0.25,0.62,0.9,0.06,0.0,0.0,0.0,0.0,0.0,0.0,0.0,0.0,0.301660911547,0
0.12566666985551617,0.2550320310209146,0.20157473051071387,0.033750884431263735,0.36072267288420284,0.024070753389599096,600792.0,790.54236022,3,45,0.22,0.51,0.54,0.51,0.85,0.8,0.23,0.02,0.46,0.58,0.86,0.65,0.69,1.0,0.71,0.76,0.69,0.65,0.0,0.0,0.0,0.0,0.0,0.0,0.331994969423,0
0.47788334430223617,0.050990986432247164,0.07803593574427668,0.03915764119826925,0.22710859361143845,0.20995087168235865,486144.0,1110.66231153,59,170,0.16,0.16,0.21,0.17,0.32,0.35,0.58,0.34,0.83,0.48,0.64,0.51,1.0,0.58,0.49,0.47,0.45,0.33,0.0,0.0,0.0,0.0,0.0,0.0,0.272745493394,0
0.06618767446270327,0.12528866181646278,0.21659292917832249,0.23805686635544676,0.29954053675641523,0.1160333860296941,562064.0,1202.83671774,49,124,0.03,0.05,0.03,0.0,0.03,0.08,0.25,0.21,0.08,0.03,0.41,0.23,0.06,0.41,1.0,0.54,0.01,0.0,0.0,0.0,0.0,0.0,0.0,0.0,0.233983840254,0
0.4974814577143144,0.055547559854632195,0.5798273468511306,0.040102289578472866,0.020034856051139555,0.1817078579483587,515024.0,1037.89805074,8,77,0.18,0.1,0.06,0.31,1.0,0.88,0.1,0.15,0.4,0.61,0.14,0.42,0.92,0.68,0.08,0.22,0.32,0.3,0.0,0.0,0.0,0.0,0.0,0.0,0.307311086957,0
0.05449536929015114,0.21997715444043198,0.26697214472105585,1.4766777496799053,1.1099949963604985,1.0435542851203703,918756.0,846.33628651,7,94,0.91,0.34,0.43,0.24,0.78,0.55,1.0,0.36,0.38,0.21,0.09,0.15,0.17,0.0,0.0,0.0,0.0,0.0,0.0,0.0,0.0,0.0,0.0,0.0,0.300233416139,0
0.5539816015222394,0.504726555776124,0.2927815943745731,0.6252671736666733,0.1375083167964662,0.17936016251329093,562604.0,1119.96667764,54,82,0.64,0.3,0.3,0.3,0.82,0.97,0.16,0.2,0.61,0.47,0.14,0.25,1.0,0.81,0.32,0.36,0.36,0.69,0.0,0.0,0.0,0.0,0.0,0.0,0.31448701616,0
0.09269188158080512,0.22755777310306727,0.7905564030840916,0.21933985208421086,0.7854760397582842,0.3068777668884778,660564.0,959.371993759,31,166,0.0,0.17,0.21,0.0,0.02,0.27,0.43,0.1,0.24,0.42,0.19,0.27,1.0,0.81,0.6,0.65,0.59,0.4,0.0,0.0,0.0,0.0,0.0,0.0,0.284326384733,0
0.5982971510083465,0.39957582910242306,0.19826867031149606,0.272540311088728,0.6915759115546037,0.5559937204545695,699596.0,514.842513078,139,31,0.0,0.0,0.0,0.0,0.0,0.02,0.04,0.07,0.35,0.64,0.27,0.17,0.8,1.0,0.25,0.22,0.39,0.6,0.0,0.0,0.0,0.0,0.0,0.0,0.284002885353,0
0.28164074204926,0.3165675841621022,0.2538018190765061,0.33695427657478594,0.47271951208535745,1.017922482580182,584840.0,1385.96051526,117,26,0.02,0.02,0.04,0.07,0.17,0.07,0.1,0.08,0.58,0.49,0.08,0.2,0.95,1.0,0.36,0.66,0.72,0.72,0.0,0.0,0.0,0.0,0.0,0.0,0.323738738543,0
0.12396009003207441,0.05890162461436631,0.2170049051440791,0.33992233817549766,0.04475345413542587,0.09235617914771424,0.0,1074.170467,1,0,0.07,0.46,0.61,0.38,0.49,0.82,0.82,0.51,0.73,1.0,0.42,0.84,0.91,0.99,0.4,0.41,0.3,0.22,0.0,0.0,0.0,0.0,0.0,0.0,0.340235825078,0
0.05194894219306005,0.26725886182527636,0.3603074829774199,0.2413737689537421,0.07240797423918785,0.05556215922917262,814000.0,1290.04276976,40,89,1.0,0.5,0.5,0.5,1.0,0.5,0.0,0.0,0.5,0.01,0.0,0.0,0.5,0.0,0.0,0.0,0.0,0.0,0.0,0.0,0.0,0.0,0.0,0.0,0.319782641024,0
0.19188710705244602,0.43938220772498066,1.1947108859946858,0.5961454137959621,0.20530437765301301,0.927872666009994,0.0,1169.91516071,1,0,0.02,0.09,0.19,0.4,0.51,0.91,0.16,0.4,0.8,0.97,0.22,0.39,0.79,1.0,0.18,0.17,0.38,0.61,0.0,0.0,0.0,0.0,0.0,0.0,0.333345572692,0
0.351380736696874,0.21596120768167595,0.5784211761009622,0.4038836417385236,0.2192926490983017,0.12540432183688122,991056.0,810.223705851,24,31,0.13,0.74,1.0,0.31,0.22,0.25,0.77,0.56,0.5,0.59,0.97,0.67,0.45,0.18,0.4,0.52,0.28,0.11,0.0,0.0,0.0,0.0,0.0,0.0,0.309845111395,0
0.17287887747976657,0.17883708410864424,0.29261943596918366,0.3392577340763288,0.06869635551495493,0.08169695802275373,606876.0,876.64063639,56,153,0.69,0.77,0.51,0.71,1.0,0.94,0.07,0.13,0.45,0.56,0.14,0.38,0.52,0.68,0.58,0.28,0.21,0.4,0.0,0.0,0.0,0.0,0.0,0.0,0.314932752963,0
0.11745097992083137,0.13241101504954012,0.18486842057131622,0.6747537783535118,0.39301514152908557,0.08108994829037647,553196.0,1113.34285657,206,137,0.47,0.12,0.1,0.1,0.59,0.32,0.05,0.22,0.59,0.49,0.37,0.5,1.0,0.86,0.35,0.29,0.24,0.29,0.0,0.0,0.0,0.0,0.0,0.0,0.274400546141,0
0.4332294992616037,0.19478900027836676,0.22013372819592283,0.10471883274403249,0.32467861403225307,0.10464715919418671,426376.0,979.528633519,39,137,0.32,0.18,0.26,0.18,0.47,1.0,0.49,0.18,0.73,0.6,0.5,0.26,0.63,0.65,0.31,0.44,0.33,0.38,0.0,0.0,0.0,0.0,0.0,0.0,0.265682755159,0
0.18412697785265322,0.08318501234163211,0.19614545092438823,0.4462898142058964,0.3961756817748364,0.31978024709783187,983064.0,801.592847757,14,162,0.03,0.0,0.0,0.16,0.36,0.45,0.34,0.61,0.88,1.0,0.39,0.21,0.36,0.83,1.0,0.4,0.02,0.03,0.0,0.0,0.0,0.0,0.0,0.0,0.336278396157,0
0.15081321907015247,0.14684595765211597,0.9787055500804326,0.835392215642019,0.06723542699430124,0.4993113956514813,541632.0,976.086211255,52,139,0.96,0.76,1.0,0.99,0.59,0.56,0.8,0.59,0.24,0.09,0.3,0.39,0.34,0.28,0.35,0.25,0.18,0.39,0.0,0.0,0.0,0.0,0.0,0.0,0.327887811098,0
0.4563401769189972,0.7989154340736182,0.19096205999833865,0.16332975922756693,0.21563777668620493,0.24436309497680736,638148.0,1054.59327775,39,155,0.92,0.31,0.15,0.19,0.94,0.37,0.17,0.2,0.69,0.19,0.1,0.56,1.0,0.48,0.1,0.24,0.51,0.44,0.0,0.0,0.0,0.0,0.0,0.0,0.309340696751,0
0.06794937623396907,0.21925795557656758,0.36059045783954546,0.1127353948906172,0.4372981814011859,0.17153424928863037,684360.0,939.428398858,65,151,0.16,0.25,0.23,0.17,0.6,0.68,0.44,0.22,1.0,0.72,0.46,0.29,0.68,0.16,0.03,0.03,0.09,0.02,0.0,0.0,0.0,0.0,0.0,0.0,0.283541283982,0
0.29827196572063785,0.33563311271388774,0.667589001185922,0.38051281528084735,0.11062682353608096,0.22158310590621602,246292.0,1327.44549597,25,26,0.47,0.61,0.94,0.53,0.57,1.0,0.61,0.59,0.65,0.36,0.33,0.18,0.31,0.31,0.07,0.26,0.12,0.1,0.0,0.0,0.0,0.0,0.0,0.0,0.296631259591,0
0.7754987072512791,0.38506322861298103,0.38556907447987654,0.5418731515029425,0.810605288052621,1.1806335358620048,1211240.0,703.382452661,4,119,0.0,0.01,0.0,0.0,0.07,0.3,0.28,0.17,0.75,0.66,0.55,0.5,1.0,0.96,0.48,0.46,0.42,0.32,0.0,0.0,0.0,0.0,0.0,0.0,0.315849548836,0
0.28738432028347166,0.3362216694433128,0.10696769072395121,0.4755957368295252,0.14817460179192843,0.1707198391334634,1069868.0,904.397099955,44,35,0.04,0.17,0.15,0.18,0.5,0.29,0.14,0.22,1.0,0.68,0.54,0.18,0.82,0.59,0.21,0.2,0.16,0.09,0.0,0.0,0.0,0.0,0.0,0.0,0.276219518178,0
0.1987332840040324,0.03201765848702828,0.3691410654664346,0.03193650386696444,0.05933169772613234,0.4887914097283238,553248.0,1141.18550538,152,179,0.61,0.3,0.16,0.11,0.71,0.94,0.23,0.19,0.47,0.63,0.63,0.25,1.0,0.85,0.52,0.42,0.25,0.49,0.0,0.0,0.0,0.0,0.0,0.0,0.311461608121,0
0.18546235379338777,1.1019097655721797,0.14049303414342257,0.26011504753083425,0.15899603034763665,0.17710081416025572,501912.0,920.715207482,90,117,0.02,0.14,0.01,0.0,0.41,1.0,0.4,0.25,0.41,0.45,0.31,0.22,0.21,0.11,0.0,0.0,0.0,0.02,0.0,0.0,0.0,0.0,0.0,0.0,0.235318932515,0
0.0827951674794589,0.14775354775891963,0.8236866341984871,0.3768950298771702,0.2003347405035112,0.1009863644919513,0.0,959.522388356,1,0,0.0,0.0,0.05,0.32,0.53,0.56,0.5,0.23,1.0,0.65,0.42,0.17,0.89,0.69,0.4,0.14,0.12,0.34,0.0,0.0,0.0,0.0,0.0,0.0,0.300027487167,0
0.2677197803736195,0.5939487486376852,0.12135193441482427,0.3790615825369672,0.9205792829932473,0.2862303681624992,1041900.0,676.363730487,7,156,0.01,0.0,0.0,0.0,0.41,0.34,0.0,0.07,0.64,0.98,0.18,0.55,0.66,1.0,0.28,0.33,0.52,0.33,0.0,0.0,0.0,0.0,0.0,0.0,0.312386646108,0
0.10395380142491163,0.024514727866771745,0.13694581590304897,0.38666490267224013,1.5347922201526982,0.44618587830205775,1207132.0,680.195406051,3,48,0.0,0.0,0.0,0.0,0.0,0.0,0.0,0.0,0.19,0.08,0.01,0.0,1.0,0.82,0.05,0.08,0.34,0.66,0.0,0.0,0.0,0.0,0.0,0.0,0.276917243454,0
0.11579469596535172,2.2374370014558997,0.6178698566821812,0.4048330036135909,0.1688259804098004,0.06696427436929304,1156068.0,767.508278345,2,40,0.03,0.15,0.0,0.0,0.17,0.34,0.11,0.02,0.2,0.54,0.59,0.99,1.0,0.75,0.14,0.16,0.34,0.37,0.0,0.0,0.0,0.0,0.0,0.0,0.306185083823,0
0.2736863999234933,0.3673094626230205,0.5062972660311853,0.3617287482679015,0.4536850588786268,0.6656854541117085,927024.0,615.111136396,6,176,0.07,0.0,0.0,0.09,0.26,0.39,0.42,0.5,1.0,0.66,0.54,0.54,0.51,0.35,0.02,0.04,0.05,0.1,0.0,0.0,0.0,0.0,0.0,0.0,0.27357078101,0
0.20996491985615218,0.288947015637136,0.14013882279283496,0.5980223135751938,0.2315673891423277,0.46554372129811283,0.0,1025.56348813,1,0,0.03,0.09,0.74,1.0,0.72,0.52,0.47,0.37,0.6,0.32,0.06,0.15,0.09,0.13,0.18,0.07,0.19,0.0,0.0,0.0,0.0,0.0,0.0,0.0,0.282994589171,0
0.16339051331720864,0.06749667550596819,0.2844995743129851,0.40549973549518237,0.22231856934055336,0.14366535864383304,542816.0,1409.84870094,110,115,0.31,0.29,0.28,0.27,0.36,1.0,0.74,0.35,0.27,0.78,0.62,0.45,0.19,0.32,0.34,0.32,0.22,0.28,0.0,0.0,0.0,0.0,0.0,0.0,0.258778849707,0
0.0882510008351555,0.2918850535690309,0.2089207672918929,0.19170860693990419,0.45209264301150787,0.3187157670409728,614568.0,1193.25566964,50,119,0.76,0.19,0.14,0.11,0.62,1.0,0.55,0.39,0.54,0.48,0.21,0.07,0.39,0.28,0.07,0.07,0.07,0.23,0.0,0.0,0.0,0.0,0.0,0.0,0.271361984052,0
0.24064830695511427,0.07107375252223125,0.4530930670890544,0.6739308133889069,0.09758936095213867,0.3291682991536581,269080.0,818.456340593,6,101,0.89,0.65,1.0,0.34,0.79,0.42,0.26,0.17,0.95,0.41,0.28,0.1,0.66,0.83,0.5,0.15,0.07,0.08,0.0,0.0,0.0,0.0,0.0,0.0,0.338413116619,0
0.3291419489460451,0.437777613581047,0.5763076273668071,0.31923710039277736,0.1450891874125956,0.14704034092427715,714280.0,953.617387935,140,113,0.01,0.0,0.07,0.01,0.47,0.36,0.38,0.5,0.78,0.59,0.55,0.61,1.0,1.0,0.58,0.54,0.42,0.43,0.0,0.0,0.0,0.0,0.0,0.0,0.322747536353,0
0.14730793546962934,0.3617617460138737,0.025366745088229323,0.46929087174832507,0.2493699423334279,0.09366615727650772,0.0,851.766974054,1,0,0.39,0.26,0.0,0.09,0.87,1.0,0.1,0.52,0.95,1.0,0.47,0.42,0.62,0.76,0.01,0.03,0.37,0.86,0.0,0.0,0.0,0.0,0.0,0.0,0.367204151514,0
0.04349206563037652,0.10779471454638813,0.10060668575388876,0.41458064497099817,0.1605421277724695,0.1553685921771803,325200.0,1450.32425925,3,1,0.49,0.67,0.27,0.42,0.8,0.64,0.36,0.31,0.8,1.0,0.84,0.67,0.99,0.69,0.67,0.84,0.5,0.25,0.0,0.0,0.0,0.0,0.0,0.0,0.335117879343,0
0.24924083171575537,0.36730735788664526,1.215461635056299,0.17398039645948954,0.22448763290255683,0.08085156415793074,511980.0,896.952475036,43,137,0.0,0.02,0.0,0.0,0.26,0.36,0.23,0.02,0.51,0.61,0.61,0.47,0.9,1.0,0.55,0.51,0.49,0.54,0.0,0.0,0.0,0.0,0.0,0.0,0.309017259496,0
0.053754613622889365,0.19081456170899383,0.30432066786907414,0.3261406729759595,0.3253632603472886,0.473508111969681,594960.0,1264.67249715,3,129,0.78,0.9,0.85,0.47,1.0,0.71,0.59,0.35,0.61,0.74,0.18,0.34,0.51,0.43,0.09,0.05,0.09,0.15,0.0,0.0,0.0,0.0,0.0,0.0,0.331306336928,0
0.16401393555229915,0.316268469325084,0.16359484397910373,0.06094335668999779,0.12207468616156851,0.08779752110212961,477340.0,1257.30754652,67,110,0.28,0.06,0.26,0.1,0.59,0.67,0.33,0.33,1.0,0.69,0.3,0.35,0.77,0.52,0.1,0.07,0.12,0.2,0.0,0.0,0.0,0.0,0.0,0.0,0.281571729563,0
0.9719282369426447,0.16443502796038528,1.1499248502300832,0.7759461866495554,0.3338659937224496,0.9335917924869046,763344.0,704.757024451,159,169,0.07,0.03,0.23,0.86,0.86,0.73,0.66,0.84,0.83,0.62,0.54,0.78,1.0,0.79,0.23,0.7,0.76,0.61,0.0,0.0,0.0,0.0,0.0,0.0,0.361200736741,0
0.20548052730099126,0.24706877429725374,0.18260062291546691,0.22829389939066935,0.7404959897897399,1.0896512573166337,879928.0,761.601702987,189,75,0.41,0.6,0.54,0.47,1.0,0.76,0.33,0.28,0.91,0.86,0.34,0.32,0.99,0.89,0.36,0.21,0.15,0.14,0.0,0.0,0.0,0.0,0.0,0.0,0.339799777647,0
0.26870115912329584,0.051696033609669886,0.669674860310543,0.09810436874827808,0.05780899653623796,0.06143759085346613,0.0,1020.53673191,1,0,0.06,0.3,0.73,0.23,0.21,0.5,0.87,0.26,0.43,0.79,0.8,0.29,0.78,1.0,0.82,0.28,0.19,0.1,0.0,0.0,0.0,0.0,0.0,0.0,0.330781901964,0
0.09191666574424381,0.19936506773429058,0.24963440131813427,0.0375812433477168,0.2197834485851497,0.419046564172582,781184.0,605.582650961,217,158,0.06,0.0,0.01,0.1,0.18,0.6,0.63,0.51,0.63,1.0,0.41,0.43,0.23,0.47,0.18,0.32,0.36,0.33,0.0,0.0,0.0,0.0,0.0,0.0,0.268224292027,0
0.27224008427484786,0.2189644961279121,0.3772416204616493,0.36972001960983003,0.6315096659439322,0.5027928245813535,884388.0,626.823199751,4,165,0.09,0.01,0.02,0.14,0.52,0.56,0.67,0.84,1.0,0.69,0.2,0.03,0.14,0.43,0.3,0.14,0.03,0.06,0.0,0.0,0.0,0.0,0.0,0.0,0.300457694841,0
0.24796419663956323,0.43329870303005197,0.23015817518038398,0.38791146671730614,0.13690027510562885,0.06296572258486986,940392.0,1080.16652537,2,23,0.08,0.05,0.04,0.42,0.51,0.3,0.16,1.0,0.73,0.47,0.2,1.0,0.76,0.39,0.0,0.38,0.88,0.5,0.0,0.0,0.0,0.0,0.0,0.0,0.33380357456,0
0.4423724302785346,0.3047712323723189,0.10092924503891242,0.3774470065103652,0.4939020103494003,0.13361327950028773,903212.0,847.508174071,9,122,0.07,0.11,0.2,0.51,0.94,1.0,0.43,0.71,0.89,0.57,0.31,0.58,0.95,0.98,0.55,0.66,0.71,0.73,0.0,0.0,0.0,0.0,0.0,0.0,0.360946864357,0
0.019999999552965164,0.5038094834979985,0.0679999987781048,0.05600000008940702,0.2115555495465246,0.033333332588275276,0.0,342.637083118,1,0,0.0,0.09,1.0,0.93,0.05,0.21,0.37,0.23,0.13,0.06,0.0,0.0,0.16,0.0,0.0,0.0,0.0,0.0,0.0,0.0,0.0,0.0,0.0,0.0,0.267768232598,0
0.2450699725852671,0.8825477271244673,0.2815999088508143,0.35524326734601674,0.21848445984229414,0.1598386589286471,538280.0,1047.38900048,22,68,0.08,0.04,0.31,0.62,0.68,1.0,0.82,0.63,0.51,0.78,0.35,0.22,0.17,0.66,0.8,0.51,0.11,0.01,0.0,0.0,0.0,0.0,0.0,0.0,0.326980079244,0
0.7385281661831836,0.6288947039169885,0.9894995009436485,0.5850600027041265,0.330946306222856,0.3524839123591177,589656.0,831.88986339,36,1,0.16,0.19,0.23,0.07,0.62,0.27,0.22,0.52,1.0,0.41,0.34,0.52,0.53,0.29,0.09,0.12,0.13,0.05,0.0,0.0,0.0,0.0,0.0,0.0,0.247840674628,0
0.18305355945860322,0.46117171817036706,0.257504202211557,0.07714792087757068,0.1267286665955595,0.3136039385286602,450900.0,1193.47982581,43,180,0.09,0.09,0.08,0.07,0.36,0.3,0.25,0.32,0.86,0.74,0.56,0.47,1.0,1.0,0.43,0.27,0.25,0.12,0.0,0.0,0.0,0.0,0.0,0.0,0.314394258853,0
0.0692722029269897,0.26388255832178825,0.03324389677430848,0.1197374817394947,0.19745416325728193,1.2208590437186129,894168.0,965.754894795,19,141,0.28,0.04,0.02,0.09,0.17,1.0,0.16,0.05,0.43,0.68,0.62,0.47,0.41,0.81,0.72,0.73,0.34,0.05,0.0,0.0,0.0,0.0,0.0,0.0,0.310174402107,0
0.020059956588634416,0.5066431006648093,0.037090081153422355,0.08062729312987106,0.20221538077920953,0.0624277008759164,628948.0,1335.14645273,35,141,0.22,0.42,0.63,0.9,1.0,0.94,0.75,0.89,0.71,0.55,0.49,0.53,0.68,0.52,0.35,0.39,0.62,0.33,0.0,0.0,0.0,0.0,0.0,0.0,0.324653661615,0
0.19765901510351286,0.04491365109610157,0.4613848963748844,0.3544987794755351,0.07525416731483443,0.4136994843353351,891680.0,1017.37973752,2,124,0.55,0.5,0.26,0.46,0.75,1.0,0.46,0.27,0.52,0.6,0.21,0.13,0.38,0.29,0.39,0.11,0.12,0.22,0.0,0.0,0.0,0.0,0.0,0.0,0.262486772153,0
0.33143897015607887,0.43363259466715476,0.2765058257626598,0.14663764969455134,0.2749417843769923,0.08373134954762827,833040.0,883.919701188,6,139,0.11,0.1,0.05,0.02,0.77,0.92,0.33,0.47,1.0,0.87,0.11,0.5,0.72,0.89,0.25,0.55,0.35,0.4,0.0,0.0,0.0,0.0,0.0,0.0,0.343031572486,0
0.299381738077853,0.25314956214673384,0.5889931802002814,0.5565010984506936,0.35905998115198656,0.4289471559883353,586024.0,825.72221353,3,6,0.0,0.0,0.0,0.0,0.0,0.21,0.04,0.0,0.0,0.57,0.31,0.37,0.9,1.0,0.44,0.36,0.31,0.29,0.0,0.0,0.0,0.0,0.0,0.0,0.285555015131,0
0.1410078917533191,0.23563185830680478,0.1960490450108228,0.1900165046366098,0.13012055788244914,0.3471429897594004,0.0,729.704459164,1,0,0.06,0.04,0.04,0.05,0.13,0.3,0.07,0.16,0.44,1.0,0.33,0.3,0.5,0.83,0.11,0.07,0.15,0.6,0.0,0.0,0.0,0.0,0.0,0.0,0.270769223181,0
0.1662344245087646,0.5166533353450686,0.04281289925478637,0.11845178047316118,0.13049961340734959,0.23434173165331684,630784.0,1039.73336341,29,179,0.14,0.18,0.4,0.4,0.32,0.26,0.41,0.7,1.0,0.49,0.21,0.39,0.66,0.57,0.64,0.35,0.43,0.37,0.0,0.0,0.0,0.0,0.0,0.0,0.261183205177,0
0.32550608986787377,0.30464771578768496,0.6429629788745058,0.4652247705808401,0.19686853168023827,0.7342958080708842,621980.0,797.04083406,229,42,0.0,0.0,0.03,0.01,0.05,0.11,0.29,0.16,0.15,0.65,0.41,0.62,1.0,0.96,0.63,0.86,0.49,0.2,0.0,0.0,0.0,0.0,0.0,0.0,0.331347207959,0
0.11229464084796374,0.03700926871387421,0.08077032944680301,0.3787222466608675,0.021261340153526598,0.12979768908628533,448456.0,1398.46726866,98,180,0.44,0.63,0.32,0.18,1.0,0.75,0.51,0.44,0.52,0.35,0.28,0.24,0.24,0.15,0.16,0.08,0.06,0.09,0.0,0.0,0.0,0.0,0.0,0.0,0.263480971272,0
0.08108250170630618,0.4300902254068451,0.07988521256383435,0.03077844608223434,0.03376534478646578,0.10058167228732325,349652.0,1325.95006616,88,51,0.45,0.51,0.21,0.32,0.54,0.54,0.08,0.15,0.47,0.22,0.03,0.17,1.0,0.32,0.07,0.26,0.1,0.13,0.0,0.0,0.0,0.0,0.0,0.0,0.244045405042,0
0.3493333496318933,1.0929481480589616,0.09717647298712241,0.332138567922082,0.44238661390212386,0.16453415289022807,0.0,1030.04370596,1,0,0.0,0.08,0.08,0.08,0.03,0.36,0.18,0.01,0.0,0.04,0.12,0.21,0.02,0.04,0.27,1.0,0.02,0.03,0.0,0.0,0.0,0.0,0.0,0.0,0.208496186349,0
0.4400000013411045,0.08965079869565344,0.23666665661666178,0.01959595982958003,0.27638208520634017,0.17307936810146643,0.0,697.355839323,1,0,0.0,0.0,0.0,0.0,0.0,0.05,0.43,0.46,0.32,0.75,0.85,1.0,0.88,0.23,0.11,0.04,0.24,0.01,0.0,0.0,0.0,0.0,0.0,0.0,0.321685826286,0
0.07999999821186066,0.04685714188278939,0.03733333264787993,0.4074285668712495,0.054285718014045706,0.08246154632921504,963536.0,418.092571448,34,23,0.0,0.0,0.0,0.0,0.0,0.31,0.04,0.0,0.0,1.0,0.0,0.0,0.01,0.0,0.0,0.01,0.01,0.0,0.0,0.0,0.0,0.0,0.0,0.0,0.206018809821,0
0.5367564903826456,0.14263732177332086,0.5054663839757302,0.2655951306530246,0.013131879659858358,0.3565540239475939,1030048.0,839.234132834,33,26,0.8,0.61,0.42,0.21,1.0,0.97,0.52,0.64,0.82,0.93,0.53,0.41,0.69,0.74,0.85,0.31,0.0,0.22,0.0,0.0,0.0,0.0,0.0,0.0,0.352774469582,0
0.6398412464737994,0.19878285356622727,0.5912698117655255,0.09745705119369595,2.449283622296576,0.027936508188557214,442836.0,614.579948197,198,120,0.0,0.03,0.37,0.39,0.0,0.03,0.87,1.0,0.13,0.05,0.44,0.29,0.65,0.2,0.15,0.09,0.05,0.0,0.0,0.0,0.0,0.0,0.0,0.0,0.281680226498,0
0.43069995299183683,0.17797144215445515,0.2719729858748604,0.1729934850748018,0.11264428790899203,0.3451073783788766,614280.0,1091.15824305,19,180,0.29,0.24,0.3,0.24,1.0,0.8,0.2,0.38,0.81,0.5,0.31,0.35,0.7,0.6,0.36,0.36,0.28,0.03,0.0,0.0,0.0,0.0,0.0,0.0,0.283158953691,0
0.03866667027274785,0.09999998907248303,0.3869550988583963,0.39879699666372215,0.15657142709408498,0.7668895816525899,0.0,772.704428612,1,0,0.0,0.0,0.03,0.08,0.31,0.73,0.86,0.26,0.44,0.15,0.02,0.11,0.24,0.34,0.11,0.0,1.0,0.45,0.0,0.0,0.0,0.0,0.0,0.0,0.286018829508,0
1.1576596319776251,0.6779913591383046,1.0091196940005056,0.3370463681196072,0.7055601989991602,0.07048852019629465,964308.0,442.365456994,11,97,0.0,0.01,0.05,0.04,0.06,0.1,0.03,0.39,0.29,0.18,0.09,0.25,1.0,0.63,0.13,0.29,0.28,0.89,0.0,0.0,0.0,0.0,0.0,0.0,0.274010530515,0
0.0843481580782554,0.2539606538524837,0.22662337982443898,0.0078083619652797994,0.4349835123916278,0.8820330738599143,571964.0,807.770135416,14,131,0.05,0.02,0.02,0.02,0.26,0.35,0.09,0.25,0.97,0.88,0.51,0.34,0.93,1.0,0.67,0.64,0.56,0.2,0.0,0.0,0.0,0.0,0.0,0.0,0.349006526523,0
0.07990780034793726,0.03874256459249396,0.1811981847071934,0.07160845513719732,0.12378797140614842,0.07011168798492955,716704.0,920.257006471,85,91,0.08,0.08,0.04,0.04,0.18,1.0,0.67,0.42,0.15,0.68,0.58,0.33,0.08,0.15,0.0,0.0,0.0,0.0,0.0,0.0,0.0,0.0,0.0,0.0,0.273597433386,0
0.3601904208078053,0.049062658689965684,0.3729582649442695,0.08731127023313694,0.42955391522510544,0.24973139391999183,854888.0,1450.34351602,60,93,0.07,0.06,0.12,0.35,0.15,0.09,0.21,0.58,0.47,0.36,0.35,0.25,1.0,0.53,0.53,0.42,0.48,0.09,0.0,0.0,0.0,0.0,0.0,0.0,0.251097244885,0
0.13748684057751104,0.2072046714952027,0.2488080672697781,0.2751614188490543,0.22384406075030785,0.08300573891479537,636004.0,1065.78277624,71,170,0.09,0.1,0.11,0.5,0.24,0.44,0.38,0.58,0.77,0.47,1.0,0.91,0.92,0.68,0.43,0.2,0.25,0.28,0.0,0.0,0.0,0.0,0.0,0.0,0.317778475864,0
0.17262814232364992,0.413545551749076,0.6196499359045154,0.1796617223788584,0.20030816040805613,0.2593596474286369,1080032.0,686.418423235,6,73,0.22,0.33,0.35,0.25,0.74,0.66,0.35,0.42,1.0,0.75,0.08,0.1,0.76,0.74,0.36,0.29,0.21,0.06,0.0,0.0,0.0,0.0,0.0,0.0,0.298516877896,0
0.24423835506804034,0.4481197925744565,0.12439973579354079,0.08217978357690048,0.6148458544021964,0.22476141014962867,987868.0,695.146283012,2,27,0.01,0.04,0.03,0.06,0.09,0.04,0.03,0.02,0.54,0.21,0.09,0.57,0.99,0.53,0.34,0.84,1.0,0.93,0.0,0.0,0.0,0.0,0.0,0.0,0.350452088975,0
0.8696837078785813,0.26521680142737997,1.1050322818051879,0.43880487415785513,0.9628255236478487,0.7826383972116282,980528.0,531.841189859,17,30,0.0,0.0,0.0,0.47,0.61,0.64,0.01,0.37,0.86,0.5,0.01,0.08,0.87,0.39,0.19,0.29,1.0,0.69,0.0,0.0,0.0,0.0,0.0,0.0,0.32983476503,0
0.17712683090911885,0.049942769583210186,0.23638277434860522,0.13901889702952122,0.07587141044620692,0.05381687735992931,681932.0,691.334618339,39,98,0.07,0.13,0.05,0.03,0.21,1.0,0.85,0.72,0.19,0.8,0.47,0.32,0.09,0.17,0.0,0.0,0.0,0.05,0.0,0.0,0.0,0.0,0.0,0.0,0.305777413144,0
0.49329868672917787,0.6845425608299457,0.20296976026501182,0.3528888814592804,0.04481844127345861,0.8466564177552683,926052.0,875.875838978,77,147,0.08,0.04,0.51,0.3,0.34,0.26,0.57,0.42,0.36,0.19,0.54,0.75,1.0,0.7,0.82,0.95,0.34,0.42,0.0,0.0,0.0,0.0,0.0,0.0,0.312569714446,0
0.13288086224677104,0.18363804102933115,0.17006254905709625,0.21016458609717892,0.12510237237236566,0.07321440310505607,752148.0,847.818318616,36,153,0.18,0.12,0.09,0.09,0.33,1.0,0.64,0.42,0.26,0.93,0.66,0.48,0.16,0.28,0.0,0.0,0.0,0.01,0.0,0.0,0.0,0.0,0.0,0.0,0.297937062239,0
0.27887216013489646,0.18848935739957,0.34985724741956287,0.3960091807840486,0.2928679865480638,0.31913617017090956,123772.0,759.407220636,6,0,0.16,0.12,0.1,0.09,0.19,0.64,1.0,0.49,0.21,0.49,0.83,0.24,0.2,0.14,0.13,0.0,0.0,0.0,0.0,0.0,0.0,0.0,0.0,0.0,0.273625034897,0
0.6656806870865725,0.42945246652741853,1.1408325905750993,0.658136674596075,0.18998820619158446,1.125759404130178,773788.0,729.86052957,2,105,0.98,0.5,0.5,0.5,0.96,1.0,0.54,0.04,0.5,0.47,0.23,0.17,0.57,0.05,0.08,0.0,0.1,0.0,0.0,0.0,0.0,0.0,0.0,0.0,0.333397650045,0
1.136890557211657,0.1440807991640788,0.3581399204705061,0.5311501592262485,0.214836935575587,0.539710326369985,672968.0,767.998066867,107,130,0.16,0.19,0.85,0.22,0.36,0.81,0.64,0.36,0.19,1.0,0.65,0.28,0.2,0.76,0.38,0.14,0.33,0.65,0.0,0.0,0.0,0.0,0.0,0.0,0.304569083114,0
0.03724328324088529,0.11622656095707654,0.014460559818786588,0.06489375186293395,0.038935730380849506,0.2084514521849518,816068.0,730.46004062,53,80,1.0,0.44,0.44,0.44,0.88,0.44,0.0,0.0,0.44,0.0,0.0,0.0,0.44,0.03,0.0,0.0,0.0,0.0,0.0,0.0,0.0,0.0,0.0,0.0,0.293988083186,0
0.6956958729869691,0.4861958700407716,1.5688602893487373,0.771926729593945,0.502463567984585,0.05532762210766727,760764.0,638.477197136,38,128,0.0,0.0,0.13,0.15,0.37,0.15,0.33,0.53,1.0,0.35,0.39,0.56,0.55,0.47,0.0,0.11,0.16,0.01,0.0,0.0,0.0,0.0,0.0,0.0,0.257000594465,0
0.3474795980882349,0.15661452730755568,0.06232032091998021,0.06707629761231977,0.46590705554914946,0.034267507959309856,561272.0,1300.01319664,240,53,0.0,0.0,0.33,0.09,0.26,0.07,0.21,0.73,0.71,0.37,0.27,1.0,0.65,0.39,0.25,0.1,0.06,0.0,0.0,0.0,0.0,0.0,0.0,0.0,0.279528062098,0
0.16886877360437105,0.028223911400196387,0.12774698716033958,0.25615385537713453,0.058539355623804905,0.11119831950791023,684852.0,948.097356881,17,134,0.13,0.14,0.07,0.07,0.21,1.0,0.4,0.13,0.11,0.72,0.53,0.18,0.11,0.24,0.0,0.0,0.0,0.01,0.0,0.0,0.0,0.0,0.0,0.0,0.249788452162,0
0.022292331370699744,0.1046955822912285,0.18068486252198304,0.05352430987091424,0.06289069545107781,0.17048972194453188,992416.0,774.64864467,37,110,0.99,0.5,0.5,0.5,1.0,0.5,0.0,0.0,0.55,0.0,0.0,0.0,0.5,0.0,0.0,0.0,0.0,0.0,0.0,0.0,0.0,0.0,0.0,0.0,0.321078910342,0
0.3873765087549011,0.5070443419896814,0.6131234704200884,0.3687001730981079,0.07483983161733973,0.5353478853179796,912112.0,1074.04969886,73,71,0.04,0.23,0.05,0.06,1.0,0.52,0.5,0.16,0.8,0.61,0.05,0.45,0.5,0.23,0.03,0.22,0.07,0.01,0.0,0.0,0.0,0.0,0.0,0.0,0.281861064573,0
0.09618518293890192,0.0675014124593937,0.10661471210219858,0.10079693817789757,0.01371043512642037,0.1011674669827608,437412.0,916.638220659,11,103,0.35,0.28,0.58,0.21,0.64,1.0,0.64,0.29,0.42,0.33,0.34,0.19,0.5,0.56,0.0,0.0,0.0,0.0,0.0,0.0,0.0,0.0,0.0,0.0,0.275057759086,0
0.04240426119145245,0.2515555523777451,0.03460317751335029,0.09552381051640949,0.028190475931378467,0.505290535470784,549228.0,1170.28126217,155,54,0.98,0.6,0.6,0.6,1.0,0.88,0.27,0.38,0.51,0.02,0.54,0.32,0.48,0.04,0.1,0.0,0.0,0.0,0.0,0.0,0.0,0.0,0.0,0.0,0.33516165254,0
0.12140172533173688,0.2748261605328738,0.08753278790738392,1.098449157635484,0.07607527161498226,0.7106788097520225,910876.0,1021.11290663,10,150,0.45,0.44,0.62,0.34,1.0,0.75,0.47,0.33,0.82,0.92,0.5,0.22,0.72,0.98,0.45,0.37,0.52,0.33,0.0,0.0,0.0,0.0,0.0,0.0,0.319019493918,0
0.09817989386830295,1.5158785561394637,0.4663170854437352,1.1140078631377115,0.09756825415165185,0.09127323834078065,818044.0,1057.92939792,15,124,0.11,0.04,0.13,0.02,0.77,1.0,0.27,0.1,0.76,0.36,0.46,0.35,0.45,0.34,0.28,0.25,0.41,0.16,0.0,0.0,0.0,0.0,0.0,0.0,0.271414760509,0
0.5995999971923937,0.4440939551837759,0.3950489948950825,0.1766708623068703,0.23546745884733428,0.24499416474672556,798692.0,940.28125911,48,91,0.14,0.0,0.0,0.38,0.84,0.03,0.0,0.83,1.0,0.37,0.62,0.63,0.69,0.37,0.12,0.17,0.25,0.0,0.0,0.0,0.0,0.0,0.0,0.0,0.320698023415,0
0.3576850558400114,0.14345415607200593,1.1808671927087646,0.6503063110653535,0.1621780024662241,1.530064099656442,932048.0,746.132876144,33,154,0.18,0.08,0.21,0.36,1.0,0.67,0.31,0.32,0.71,0.35,0.34,0.3,0.54,0.5,0.25,0.21,0.35,0.36,0.0,0.0,0.0,0.0,0.0,0.0,0.252267494713,0
0.700223650431757,0.09384959658694682,1.2775009398617405,0.4185245963399331,0.2076596175623896,1.3676243535714876,719104.0,816.649339183,39,136,0.7,0.36,0.53,0.58,1.0,0.93,0.62,0.31,0.79,0.08,0.6,0.22,0.64,0.0,0.0,0.0,0.0,0.0,0.0,0.0,0.0,0.0,0.0,0.0,0.339959147873,0
0.11122606325446088,0.10140535043424116,0.06770183112148433,0.39879954435691756,0.15864635134006289,0.1702334268873234,995568.0,1058.303191,41,50,0.35,0.37,0.04,0.12,0.57,0.9,0.37,0.15,0.22,1.0,0.78,0.72,0.6,0.3,0.07,0.05,0.02,0.0,0.0,0.0,0.0,0.0,0.0,0.0,0.314322187413,0
1.159156330607343,0.22141557269390244,0.1377902067926935,0.24986542893785552,0.10520771954510214,0.5174668159112829,851992.0,977.438677851,166,73,0.61,0.55,0.49,0.69,1.0,0.91,0.82,0.42,0.64,0.88,0.82,0.14,0.49,0.85,0.19,0.07,0.2,0.19,0.0,0.0,0.0,0.0,0.0,0.0,0.347011046894,0
0.2536844504188425,0.8414657457146006,0.647543687306356,0.3020589977427243,0.407227755677883,0.41573056907285966,1037436.0,825.595198134,13,110,0.74,0.67,0.01,0.0,0.66,0.51,0.43,0.55,0.75,0.75,0.93,0.68,1.0,0.34,0.09,0.23,0.32,0.38,0.0,0.0,0.0,0.0,0.0,0.0,0.332310932043,0
0.11524869847375036,0.0871537587130486,0.13927192415810327,0.3870437176564497,0.5484002839551029,0.17596790992401073,964488.0,1029.27138578,108,44,0.08,0.07,0.14,0.25,0.26,0.34,0.74,0.68,1.0,0.81,0.78,0.55,0.42,0.4,0.24,0.19,0.0,0.0,0.0,0.0,0.0,0.0,0.0,0.0,0.307618258651,0
0.03624868142609956,0.2961131719959419,0.1355394338357836,0.14805656948283893,0.2518825823676212,0.19000464246807222,926044.0,1124.16784553,17,32,0.11,0.06,0.13,0.57,0.91,0.88,0.39,0.21,1.0,0.62,0.55,0.61,0.69,0.2,0.08,0.2,0.06,0.0,0.0,0.0,0.0,0.0,0.0,0.0,0.327814469462,0
0.12160875884105946,1.27128269368075,0.16421587132057253,0.3168550413159755,0.04084838532712562,0.10792753093452713,756932.0,857.183987961,41,37,0.07,0.15,0.25,0.21,0.26,0.32,0.2,0.41,0.92,0.74,0.44,0.69,1.0,0.25,0.1,0.58,0.18,0.0,0.0,0.0,0.0,0.0,0.0,0.0,0.296324416345,0
0.6680033843532386,0.3051833288464495,0.26552922492100456,0.1251715965966893,0.22582379007721962,0.1589974232976305,665296.0,625.158483502,291,38,0.0,0.0,0.2,0.06,0.01,0.0,0.81,0.84,1.0,0.11,0.04,0.82,0.64,0.23,0.79,0.33,0.0,0.0,0.0,0.0,0.0,0.0,0.0,0.0,0.344383507154,0
0.2890058821723642,0.23064441047591114,0.18094905900172656,0.39131737734806216,0.08660268604327122,0.16917697671726534,690300.0,1149.77106649,236,93,0.02,0.08,0.11,0.14,0.13,0.23,0.28,0.15,0.5,1.0,0.67,0.29,0.78,0.28,0.21,0.06,0.15,0.19,0.0,0.0,0.0,0.0,0.0,0.0,0.26045599703,0
0.08686178322499588,0.07106674820345593,0.03903621502352808,0.3670777641004663,0.26069054816804205,0.11852129279321809,728388.0,1176.84841182,48,70,0.02,0.09,0.05,0.28,0.74,0.13,0.19,1.0,0.41,0.12,0.55,0.59,0.1,0.58,0.22,0.33,0.73,0.71,0.0,0.0,0.0,0.0,0.0,0.0,0.296816441593,0
0.40510439837924994,0.0575652530482494,0.1036085757114999,0.1349888928995648,0.1685030499466844,0.11504245033322089,516256.0,1041.86096727,17,70,0.33,0.52,0.57,0.48,0.97,0.9,0.38,0.23,1.0,0.6,0.28,0.23,0.49,0.4,0.24,0.31,0.22,0.25,0.0,0.0,0.0,0.0,0.0,0.0,0.295719461652,0
0.3507250243541155,0.4642689493824594,0.40666121484669904,1.1544682954514012,0.9096216705698091,0.8958488957033865,823260.0,675.199846281,194,147,0.1,0.06,0.06,0.06,0.24,0.23,0.18,0.1,0.27,0.2,0.01,0.02,1.0,0.77,0.43,0.41,0.31,0.26,0.0,0.0,0.0,0.0,0.0,0.0,0.247686167357,0
0.4677184323415169,1.0115610640609094,0.0833268457345364,0.11247413666107015,0.5730627817187153,0.022720438351215618,694060.0,1254.8932264,53,101,0.09,0.51,0.75,0.68,0.85,0.68,0.76,0.82,0.98,0.6,0.6,0.75,1.0,0.96,0.7,0.69,0.55,0.26,0.0,0.0,0.0,0.0,0.0,0.0,0.353346845261,0
0.13877889119281278,0.15038977786469238,0.08525156366678453,0.017837736539184194,0.647690585504768,0.14380310781526878,685476.0,996.371438676,208,131,0.36,0.3,0.46,0.3,0.61,0.7,0.26,0.3,1.0,0.7,0.84,0.83,0.93,0.99,0.36,0.45,0.19,0.28,0.0,0.0,0.0,0.0,0.0,0.0,0.333303123631,0
0.12118636582561274,0.07241644591198712,1.3902220232832359,0.08756971243899665,0.16318732021118476,0.10166239206120985,1002280.0,1054.21075412,14,137,0.86,0.34,0.78,0.53,0.88,1.0,0.69,0.57,0.9,0.55,0.55,0.95,0.93,0.91,0.62,0.72,0.7,0.43,0.0,0.0,0.0,0.0,0.0,0.0,0.351401707056,0
0.3515516806018692,0.5218167118118736,1.5592804126847097,0.11535185001742282,0.09308195244903318,0.1331832851074498,867924.0,434.855330711,2,89,0.02,0.01,0.0,0.0,0.02,0.02,0.01,0.0,0.04,0.15,0.0,0.0,0.8,1.0,0.31,0.42,0.23,0.31,0.0,0.0,0.0,0.0,0.0,0.0,0.259982638309,0
0.43744230295067144,0.45093594124961955,0.11588386516013786,0.21955102747817104,0.06799810455693542,0.05182532066568567,953636.0,886.77744823,2,112,0.32,0.34,0.53,0.59,1.0,0.83,0.28,0.36,0.44,0.62,0.25,0.4,0.38,0.41,0.13,0.36,0.31,0.32,0.0,0.0,0.0,0.0,0.0,0.0,0.259903494376,0
0.661488615754839,0.6709480137937884,0.6181673127034653,0.46011924671791854,0.23505547620996092,0.3686216272069733,412516.0,1083.83745184,8,49,0.51,0.52,0.46,0.57,1.0,0.73,0.45,0.53,0.9,0.82,0.38,0.42,0.42,0.3,0.03,0.12,0.0,0.01,0.0,0.0,0.0,0.0,0.0,0.0,0.31537648357,0
0.43832643147157857,0.3419684820057284,0.4541722414897073,0.47174527573215935,0.3682775808459434,1.2368849690100916,798096.0,522.411282574,72,43,0.02,0.03,0.03,0.06,0.28,0.26,0.31,0.25,0.77,0.76,0.69,0.59,1.0,0.89,0.44,0.5,0.44,0.46,0.0,0.0,0.0,0.0,0.0,0.0,0.317803879076,0
0.036228952081538424,0.376468891838972,0.07032679405536532,0.024703422266056405,0.27715445620170515,0.04560000213384647,0.0,1197.64348913,1,0,0.14,0.25,0.58,0.72,0.54,0.54,0.67,0.9,0.63,0.37,0.69,1.0,0.76,0.67,0.43,0.5,0.23,0.04,0.0,0.0,0.0,0.0,0.0,0.0,0.317322785189,0
0.038674298291479836,0.23064352117612794,0.039792481531834324,0.172325426940316,0.4674097682085494,0.2952701050062572,830176.0,1197.87764454,9,42,0.01,0.01,0.0,0.04,0.54,0.63,0.32,0.69,1.0,0.82,0.06,0.37,0.54,0.5,0.2,0.35,0.53,0.08,0.0,0.0,0.0,0.0,0.0,0.0,0.303333047161,0
0.07916266697953254,0.11428663934038816,0.5295733751420565,0.08877397526322263,0.14405947045717954,0.2572132223577503,80000.0,1179.62729303,3,0,0.1,0.08,0.05,0.03,0.44,0.23,0.13,0.13,0.72,0.81,0.37,0.27,1.0,0.97,0.63,0.69,0.37,0.2,0.0,0.0,0.0,0.0,0.0,0.0,0.322954030096,0
0.7607975383046696,0.22237527489517692,0.09607254604663054,0.1700297688328642,0.39892807027229676,0.35551250359142794,1051396.0,822.483836227,4,138,0.05,0.03,0.03,0.05,0.07,0.07,0.07,0.09,0.19,0.29,0.62,0.64,0.69,1.0,0.65,0.62,0.39,0.42,0.0,0.0,0.0,0.0,0.0,0.0,0.293702123758,0
1.2058273076822899,0.052666745554412864,0.29784890493192606,0.47172808062013594,0.0816489869943168,0.13745263145816836,832460.0,786.271637796,241,78,0.0,0.0,0.0,0.0,0.09,0.27,0.0,0.0,0.4,0.7,0.3,0.43,0.75,1.0,0.32,0.35,0.18,0.27,0.0,0.0,0.0,0.0,0.0,0.0,0.276268538845,0
0.3643878599840384,0.9018167619857189,1.5665883045727016,0.14152380639767453,0.16739218428166158,0.3491690475969256,753360.0,612.1308604,19,89,0.0,0.0,0.0,0.01,0.03,0.19,0.6,0.47,0.1,0.51,0.72,0.18,0.04,0.22,0.56,1.0,0.73,0.41,0.0,0.0,0.0,0.0,0.0,0.0,0.296949478962,0
0.05402809726271978,0.08174640050520614,0.17407921257377526,0.12161050820179707,0.005011805201762099,0.04608774507019031,850840.0,893.240332519,2,118,0.34,0.5,0.49,0.51,0.98,1.0,0.54,0.58,0.95,0.88,0.27,0.37,0.4,0.41,0.11,0.1,0.19,0.07,0.0,0.0,0.0,0.0,0.0,0.0,0.328227298868,0
0.14647732144041928,0.36148629800520327,0.49005624021792327,0.3121087758664916,0.1702566862196134,0.11227661153249678,934604.0,692.677172244,5,109,0.07,0.03,0.03,0.03,0.19,0.08,0.0,0.21,1.0,0.72,0.64,0.28,0.78,0.48,0.6,0.74,0.71,0.46,0.0,0.0,0.0,0.0,0.0,0.0,0.322216445111,0
0.14088696910920806,0.1060723185339994,0.6492547611580718,0.1279315698386304,0.05658861737290635,0.10615914362929761,779416.0,567.363537635,2,178,0.0,0.0,0.07,0.0,0.21,0.21,0.22,0.19,0.47,0.37,0.2,0.2,0.99,1.0,0.31,0.32,0.47,0.54,0.0,0.0,0.0,0.0,0.0,0.0,0.282790840945,0
0.8892204915900642,0.9168915116894446,0.15922582687544176,0.22885526810737528,0.14828949645160006,0.9111987336238592,1196832.0,619.341349608,14,49,0.08,0.04,0.04,0.04,0.75,1.0,0.38,0.44,0.7,0.7,0.06,0.18,0.17,0.27,0.05,0.14,0.07,0.07,0.0,0.0,0.0,0.0,0.0,0.0,0.284559845297,0
0.08337336079931339,0.05157888285984293,0.10527772563164227,0.03936055450600773,0.18039142945648556,0.16328282811897363,860936.0,986.984943134,38,173,0.15,0.3,0.25,0.12,0.55,0.75,0.46,0.09,0.12,0.42,0.6,0.64,0.62,0.64,0.72,0.69,0.9,1.0,0.0,0.0,0.0,0.0,0.0,0.0,0.319046974946,0
0.08768613984092438,0.09078550629201304,0.12484402584527066,0.26132896650859383,0.31775941381079453,0.22927535935607382,735424.0,1136.4335329,23,123,0.03,0.04,0.04,0.03,0.13,0.14,0.04,0.15,0.65,1.0,0.62,0.64,0.67,0.5,0.13,0.13,0.13,0.09,0.0,0.0,0.0,0.0,0.0,0.0,0.283607710285,0
0.2446943975314604,0.06245954870359825,0.08476917357175526,0.2747014716831809,0.32363832150555033,0.08967701860041118,535276.0,1038.08954435,33,90,0.16,0.09,0.13,0.26,0.48,0.42,0.32,0.14,0.7,1.0,0.26,0.23,0.51,0.4,0.09,0.1,0.17,0.26,0.0,0.0,0.0,0.0,0.0,0.0,0.244005919782,0
0.802668184701655,0.21628942348580457,0.3768556524145979,0.691194808574539,0.4378617139862911,0.3974423076210364,591312.0,508.392355833,7,49,0.92,0.47,0.49,0.53,1.0,0.53,0.0,0.0,0.47,0.11,0.0,0.0,0.47,0.09,0.0,0.0,0.0,0.0,0.0,0.0,0.0,0.0,0.0,0.0,0.306589664246,0
0.11058705809627827,0.09796603618040736,0.3311721936872477,0.2204337431924414,0.31242956847708864,0.06491761989131306,651500.0,1055.1702872,92,179,0.0,0.0,0.0,0.0,0.23,0.28,0.38,0.52,0.96,1.0,0.49,0.42,0.76,0.62,0.47,0.48,0.36,0.38,0.0,0.0,0.0,0.0,0.0,0.0,0.310950324275,0
0.14907081700915104,0.5031784523696723,0.6708093353127978,0.08475308238409432,0.1626694099834993,0.3256524537722954,891652.0,631.622731666,4,143,0.02,0.0,0.0,0.0,0.35,0.4,0.4,0.73,1.0,0.93,0.58,0.31,0.47,0.5,0.0,0.0,0.02,0.03,0.0,0.0,0.0,0.0,0.0,0.0,0.314416346409,0
0.02765567629663218,0.11047783959265543,0.0433659537186936,0.18798880341490903,0.34359136294522363,0.06405274200682728,748688.0,839.185187689,13,124,0.38,0.43,0.51,0.55,1.0,0.99,0.25,0.26,0.44,0.32,0.01,0.0,0.07,0.02,0.11,0.22,0.01,0.0,0.0,0.0,0.0,0.0,0.0,0.0,0.293782504112,0
0.012771460370468304,0.4061332069332223,0.02820225290300694,0.13953144974909396,0.0596557584517627,0.07289644720971356,1089712.0,1047.91457613,45,22,0.27,0.15,0.0,0.0,0.86,0.57,0.11,0.01,0.56,1.0,0.43,0.49,0.58,0.87,0.66,0.68,0.52,0.27,0.0,0.0,0.0,0.0,0.0,0.0,0.326509049985,0
0.22842746114580617,0.7204771975052692,0.10940410034033841,0.9197381379766317,0.4242572141412108,1.0609178892704243,1039784.0,778.704309376,8,54,1.0,0.31,0.04,0.05,0.19,0.87,0.16,0.17,0.44,0.25,0.14,0.26,0.2,0.56,0.06,0.17,0.72,0.11,0.0,0.0,0.0,0.0,0.0,0.0,0.277927598486,0
0.3451074358257635,0.6269414427593155,1.4006488225633555,0.3021715686240324,0.5793110395056169,0.6216137790887394,736324.0,1013.89572464,28,67,0.36,0.19,0.19,0.19,0.38,0.37,0.09,0.03,0.47,0.43,0.7,0.76,1.0,0.8,0.2,0.44,0.4,0.48,0.0,0.0,0.0,0.0,0.0,0.0,0.283896499137,0
0.08156479029360325,0.24401332213514926,0.9729772457981818,0.06182910988363301,0.36174896763629966,0.2513490142655725,636476.0,1113.91203074,87,82,0.16,0.07,0.09,0.0,0.06,0.49,1.0,0.46,0.8,0.7,0.77,0.37,0.91,0.73,0.46,0.13,0.36,0.14,0.0,0.0,0.0,0.0,0.0,0.0,0.330528827117,0
0.2401316203803868,0.32453949942747096,1.7339768953912718,0.21096663468444884,0.44645836196693583,0.074648020320574,1001156.0,893.715244988,90,38,0.0,0.0,0.01,0.16,0.2,0.22,0.45,0.82,0.82,0.95,0.76,0.95,1.0,0.89,0.5,0.81,0.56,0.14,0.0,0.0,0.0,0.0,0.0,0.0,0.382862029109,0
0.26409746324510613,1.1235132594377049,0.2729566961996222,0.37702857404168827,0.10593233195480962,0.16952418265758393,666400.0,599.072201725,2,166,0.16,0.23,0.26,0.29,0.96,1.0,0.45,0.25,0.51,0.3,0.65,0.57,0.77,0.26,0.02,0.03,0.01,0.03,0.0,0.0,0.0,0.0,0.0,0.0,0.30813028224,0
0.3208999784161982,0.35903307943610463,0.03220842027828317,0.21830561342930374,0.8431257203368903,0.5082319140332183,739180.0,988.279171679,38,155,0.05,0.03,0.03,0.1,0.22,0.22,0.19,0.24,0.39,0.49,0.23,0.38,0.98,1.0,0.51,0.53,0.46,0.51,0.0,0.0,0.0,0.0,0.0,0.0,0.28681682114,0
0.13151131180558118,0.5237120220087059,2.3542094158662232,0.3770817572835252,0.04315494579383827,0.12127767183565355,1065576.0,816.919017717,33,42,0.0,0.01,0.12,0.06,0.01,0.02,0.51,0.81,0.42,0.11,0.95,1.0,0.78,0.54,0.01,0.02,0.0,0.0,0.0,0.0,0.0,0.0,0.0,0.0,0.33694475932,0
0.16086047471174633,0.40965167945645486,0.6827917143576548,0.12375895879192368,0.32017458724651243,0.23213075457644214,620604.0,623.082575469,47,127,0.0,0.0,0.0,0.0,0.1,0.09,0.03,0.0,0.19,0.34,0.61,0.85,0.74,1.0,0.26,0.63,0.82,0.64,0.0,0.0,0.0,0.0,0.0,0.0,0.33576095167,0
0.39832318547767803,0.5301157349773664,0.44595724069180387,0.12567030491996778,0.10876418055793165,0.3840989554154619,1009584.0,904.650182528,10,120,0.08,0.04,0.04,0.03,0.13,0.22,0.14,0.11,0.79,1.0,0.39,0.04,0.42,0.99,0.84,0.78,0.52,0.63,0.0,0.0,0.0,0.0,0.0,0.0,0.345753755905,0
0.03973339277479665,0.24156650410258323,0.22928107571695155,0.3632209070350432,0.32392343640123783,0.04803283705753565,1043360.0,1001.42606047,14,45,0.25,0.49,0.26,0.42,0.62,1.0,0.12,0.47,0.43,0.4,0.03,0.02,0.21,0.6,0.07,0.12,0.17,0.62,0.0,0.0,0.0,0.0,0.0,0.0,0.26578892001,0
0.7185616787283404,0.8878728245314467,1.7750235334028468,0.14141339636423295,0.27042415063238356,0.1713498877063584,901600.0,915.554191528,38,93,0.0,0.0,0.0,0.0,0.01,0.02,0.01,0.05,0.53,0.49,0.45,0.33,1.0,0.91,0.32,0.53,0.48,0.59,0.0,0.0,0.0,0.0,0.0,0.0,0.307010676615,0
0.7832608443824391,0.6801551503592529,0.16760460857183332,0.11356797387220781,0.0331833690929458,0.06447098981606196,709200.0,776.014830358,92,174,0.0,0.0,0.0,0.0,0.15,0.21,0.16,0.68,0.64,0.46,0.44,0.68,1.0,0.48,0.3,0.55,0.76,0.36,0.0,0.0,0.0,0.0,0.0,0.0,0.3024457596,0
0.23474386944341336,0.07791279620027276,0.22419954829789018,0.24844489956971075,0.3322594169752336,0.41359362030509716,560000.0,468.04188445,2,16,0.18,0.33,0.3,0.63,0.92,1.0,0.27,0.27,0.59,0.45,0.39,0.39,0.88,0.81,0.5,0.38,0.4,0.35,0.0,0.0,0.0,0.0,0.0,0.0,0.301215131684,0
0.1634005582666711,0.3234942456046677,1.0883510985619629,0.6228686973555889,0.3894596438681167,0.15797667273656943,828960.0,952.993900735,6,25,0.1,0.17,0.35,0.54,1.0,0.42,0.0,0.0,0.02,0.0,0.33,0.44,0.76,0.56,0.62,0.84,0.73,0.26,0.0,0.0,0.0,0.0,0.0,0.0,0.315558367554,0
0.3548066580390873,0.5476495178971738,1.0285061724187283,0.021114587019434937,0.1738606812784617,0.17698951487252346,456500.0,581.83350907,2,69,0.28,0.27,0.53,0.41,0.55,0.76,0.72,1.0,0.9,0.76,0.23,0.26,0.24,0.18,0.3,0.0,0.0,0.02,0.0,0.0,0.0,0.0,0.0,0.0,0.316192353112,0
0.6260757180399518,0.1525911412523589,0.32016827673650294,0.12322170624150729,0.24569833083859183,0.1422867284281298,908444.0,677.12177173,107,129,0.09,0.05,0.05,0.05,0.1,0.09,0.0,0.0,0.11,0.35,0.28,0.35,0.58,1.0,0.39,0.41,0.27,0.3,0.0,0.0,0.0,0.0,0.0,0.0,0.237711528608,0
0.2463334695352794,0.623867858328953,1.0542971053007089,0.18241865903743193,0.17317414379579288,0.3237899930403751,643792.0,653.279340281,176,87,0.01,0.0,0.02,0.0,0.06,0.01,0.0,0.17,1.0,0.66,0.59,0.7,0.86,0.75,0.43,0.57,0.44,0.36,0.0,0.0,0.0,0.0,0.0,0.0,0.32979554904,0
0.06010438798673244,0.07352820861260548,0.043770864770750706,0.04443891840117733,0.12399056939841954,0.029115395242310403,563380.0,1388.03000319,16,173,0.62,0.41,0.58,0.63,1.0,0.85,0.6,0.62,0.89,0.7,0.67,0.55,0.78,0.73,0.48,0.57,0.46,0.35,0.0,0.0,0.0,0.0,0.0,0.0,0.310648682866,0
0.5123352728284298,0.25404267090213384,0.16114520747184227,0.3295235164350177,0.8712583775427681,0.2053506659584775,621412.0,442.530357093,110,50,0.0,0.0,0.17,0.07,0.13,0.11,0.87,0.75,0.73,0.47,0.86,0.86,1.0,0.31,0.31,0.35,0.37,0.27,0.0,0.0,0.0,0.0,0.0,0.0,0.336278396157,0
0.7671718919646882,0.2461828051007279,0.47675955602412096,0.06906088161611064,0.04850416630597369,0.10146429267940088,938176.0,707.341163256,26,150,0.11,0.06,0.06,0.08,0.3,0.26,0.1,0.09,0.69,1.0,0.74,0.78,0.91,0.73,0.02,0.01,0.01,0.0,0.0,0.0,0.0,0.0,0.0,0.0,0.336649906761,0
0.08967187589418185,0.2755168484179604,1.0222346835682072,0.5412922810897949,0.21722768170241702,0.36067396716077904,799456.0,943.906873378,93,130,0.32,0.28,0.21,0.21,0.53,0.56,0.33,0.62,0.68,0.55,0.47,0.22,0.77,1.0,0.38,0.61,0.45,0.1,0.0,0.0,0.0,0.0,0.0,0.0,0.277593515274,0
0.29982682311861186,0.18173480359388428,0.3050804705427206,0.03450488450869698,0.07012909259539182,0.3949729244994728,407100.0,1163.39221919,18,46,0.47,0.46,0.52,0.56,1.0,0.54,0.56,0.56,0.81,0.47,0.55,0.51,0.78,0.56,0.51,0.61,0.5,0.1,0.0,0.0,0.0,0.0,0.0,0.0,0.286057674352,0
0.049967597991843526,0.07987429637016849,0.0824551196345941,0.027449482674864863,0.07392240545611464,0.06582551480815263,409440.0,1386.5218313,22,177,0.51,0.45,0.32,0.35,0.89,0.95,0.48,0.56,0.93,0.94,0.31,0.47,0.81,1.0,0.55,0.41,0.36,0.31,0.0,0.0,0.0,0.0,0.0,0.0,0.333062389884,0
