0.861992735038,0.0909090768392,0.0822548272404,0.0372567759636,0.80631292133,0.761266417783,820664.0,431.807178379,2.0,20.0,0.02,0.16,0.09,0.14,0.09,0.72,0.53,0.94,0.75,1.0,0.3,0.23,0.14,0.01,0.0,0.13,0.01,0.0,0.0,0.0,0.0,0.0,0.0,0.0,0.311848209159,1.0
0.0161120008357,0.00521110818096,0.0163067601232,0.00505923136894,0.0389392399802,0.0435513666022,472912.0,635.895528291,2.0,31.0,0.07,0.11,0.11,0.08,0.39,0.45,0.45,0.08,1.0,0.62,0.67,0.28,0.24,0.36,0.18,0.12,0.11,0.1,0.0,0.0,0.0,0.0,0.0,0.0,0.253540211582,1.0
0.123428562308,0.603450290861,0.367628746497,0.373846155145,0.510649376349,0.323999978775,0.0,633.957369475,1.0,0.0,0.64,0.71,0.69,0.78,0.41,1.0,0.51,0.43,0.66,0.29,0.12,0.17,0.09,0.1,0.03,0.05,0.03,0.02,0.0,0.0,0.0,0.0,0.0,0.0,0.31023484608,1.0
0.0718268375404,0.164313056093,0.298850439689,0.301055905473,0.0870709338461,0.400760261542,1123856.0,651.900836456,25.0,81.0,0.0,0.0,0.0,0.0,0.0,0.0,0.0,0.2,0.0,0.52,1.0,0.92,0.0,0.14,0.08,0.0,0.0,0.0,0.0,0.0,0.0,0.0,0.0,0.0,0.277036650203,1.0
0.0136414933644,0.197067455753,0.0221052618589,0.0766014964287,0.138985507589,0.0357222773861,157764.0,928.248956448,4.0,113.0,0.27,0.75,0.89,0.82,1.0,1.0,0.91,0.95,0.79,0.81,0.85,0.93,0.66,0.65,0.77,0.78,0.68,0.2,0.0,0.0,0.0,0.0,0.0,0.0,0.377936419917,1.0
0.182178543326,0.354301221614,0.0293434743512,0.143944551981,0.037940600865,0.0399118253522,834296.0,1101.93071981,2.0,103.0,0.31,0.52,0.61,0.5,0.83,0.95,0.68,0.54,0.95,1.0,0.56,0.48,0.6,0.93,0.59,0.37,0.29,0.18,0.0,0.0,0.0,0.0,0.0,0.0,0.333264315772,1.0
0.0597029585965,0.122937173978,0.19551326222,0.0702476326918,0.160675615687,0.035420301461,414152.0,361.906465582,90.0,0.0,0.53,0.29,0.38,0.52,0.97,0.97,0.38,0.56,1.0,0.81,0.55,0.47,0.85,0.95,0.72,0.56,0.51,0.51,0.0,0.0,0.0,0.0,0.0,0.0,0.337706469767,1.0
0.0405470155483,0.153907452771,0.0375637370175,0.104998583055,0.019416782065,0.0656202212279,644404.0,654.638780943,295.0,114.0,0.49,0.57,0.57,0.62,0.96,1.0,0.47,0.48,0.92,0.87,0.47,0.45,0.84,0.87,0.39,0.46,0.48,0.41,0.0,0.0,0.0,0.0,0.0,0.0,0.326556103739,1.0
0.230298149744,0.217809520422,0.180960957914,0.123673482425,0.183410986241,0.211095244497,599948.0,685.451834587,131.0,53.0,0.0,0.0,0.0,0.0,0.22,0.3,0.29,0.33,0.7,0.87,0.45,0.44,0.99,1.0,0.57,0.53,0.58,0.45,0.0,0.0,0.0,0.0,0.0,0.0,0.330147273534,1.0
0.180999783556,0.560974264688,0.265405442974,0.195672826403,0.474677394553,0.116242217014,709188.0,857.074427064,108.0,151.0,0.03,0.7,0.33,0.31,0.14,1.0,0.2,0.19,0.34,0.45,0.53,0.53,0.88,0.75,0.43,0.4,0.43,0.35,0.0,0.0,0.0,0.0,0.0,0.0,0.288725347673,1.0
0.210141079872,0.402029133854,0.239927158451,0.242635349757,0.754578078562,0.0276273874701,1079476.0,856.901978507,11.0,138.0,0.39,0.29,0.33,0.22,1.0,0.58,0.16,0.12,0.64,0.68,0.11,0.08,0.39,0.53,0.06,0.06,0.19,0.32,0.0,0.0,0.0,0.0,0.0,0.0,0.263245963882,1.0
0.0414449916815,0.0586178343844,0.056190476597,0.091274322713,0.109757301359,0.134984983853,413636.0,1309.51895832,223.0,78.0,0.41,0.28,0.25,0.27,0.69,0.81,0.4,0.47,0.85,1.0,0.34,0.32,0.63,0.58,0.36,0.29,0.22,0.32,0.0,0.0,0.0,0.0,0.0,0.0,0.283575570469,1.0
0.0567694442851,0.0426257392511,0.519151034174,0.0650280823966,0.298274563453,0.046762137506,633900.0,1022.84729393,14.0,120.0,0.1,0.08,0.04,0.55,0.54,0.29,0.3,0.42,0.06,0.33,0.72,0.89,1.0,0.31,0.86,0.28,0.39,0.39,0.0,0.0,0.0,0.0,0.0,0.0,0.304740041766,1.0
0.447281086226,0.438665835917,0.634089454448,0.308428026566,0.502486579391,0.685306234859,771616.0,874.70345134,10.0,38.0,0.19,0.16,0.14,0.12,0.28,0.24,0.17,0.15,0.92,0.76,0.8,0.66,1.0,0.79,0.58,0.52,0.47,0.27,0.0,0.0,0.0,0.0,0.0,0.0,0.32223503327,1.0
0.482707970255,1.12470015858,0.942992709408,0.106285717113,0.182431431042,0.111714291591,942204.0,933.615420528,8.0,81.0,0.41,0.15,0.93,0.44,0.9,0.52,1.0,0.67,0.74,0.98,0.53,0.12,0.67,0.53,0.01,0.01,0.15,0.13,0.0,0.0,0.0,0.0,0.0,0.0,0.356960305527,1.0
0.389096947084,0.24334799495,0.055535012414,0.229937747242,0.0408299907635,0.306786500238,455356.0,1115.34960607,4.0,22.0,0.3,0.48,0.52,0.25,0.81,0.98,0.54,0.38,1.0,0.95,0.49,0.48,0.86,1.0,0.56,0.52,0.52,0.5,0.0,0.0,0.0,0.0,0.0,0.0,0.338623643921,1.0
0.0343575038518,0.207753367437,0.029319028505,0.0268297194053,0.0478954243849,0.0721059630951,71840.0,729.529928305,2.0,22.0,0.49,0.41,0.36,0.32,0.82,0.79,0.35,0.35,0.88,1.0,0.48,0.43,0.87,0.85,0.27,0.37,0.39,0.43,0.0,0.0,0.0,0.0,0.0,0.0,0.312702156834,1.0
0.0290604246018,0.32643455722,0.131080756814,0.102635541159,0.706555506157,0.11921173029,565272.0,757.364776782,2.0,17.0,0.08,0.64,0.63,0.55,0.03,0.99,0.42,0.53,0.84,0.69,1.0,0.79,0.94,0.37,0.54,0.36,0.76,0.46,0.0,0.0,0.0,0.0,0.0,0.0,0.347074079508,1.0
0.310610729038,1.29681771801,0.172519489835,0.13428497474,0.276637750397,0.314942402478,931000.0,866.22746959,87.0,97.0,0.53,0.61,0.75,0.41,0.13,0.15,0.36,0.41,0.5,0.29,0.37,0.61,0.89,0.81,0.69,0.48,0.98,1.0,0.0,0.0,0.0,0.0,0.0,0.0,0.325140728079,1.0
0.15717881474,0.016249692007,0.169118918684,0.0961270328502,0.0447215478058,0.0306395062769,418220.0,1883.89937177,33.0,69.0,0.46,0.26,0.29,0.5,0.94,0.71,0.36,0.5,1.0,0.93,0.41,0.54,0.73,0.87,0.48,0.5,0.31,0.24,0.0,0.0,0.0,0.0,0.0,0.0,0.318681909939,1.0
0.212342370311,0.221639885737,0.374180403487,0.0719571390668,0.0642673411392,0.152660022086,794560.0,903.821636957,23.0,40.0,0.34,0.4,0.58,0.67,0.94,0.94,0.62,0.49,0.77,0.48,0.5,0.69,1.0,0.81,0.42,0.66,0.59,0.38,0.0,0.0,0.0,0.0,0.0,0.0,0.320221277661,1.0
0.302859900201,0.256394383447,0.10579312039,0.149560461119,0.191464463596,0.217129363103,538756.0,1293.2662915,12.0,96.0,0.31,0.47,0.33,0.29,1.0,0.98,0.39,0.45,0.99,0.99,0.24,0.32,0.83,0.78,0.25,0.46,0.59,0.37,0.0,0.0,0.0,0.0,0.0,0.0,0.341658536489,1.0
0.0779523192539,0.31799327582,0.157513308955,0.0949196263235,0.103591176388,0.120502381591,287632.0,1604.76726701,2.0,104.0,0.62,0.56,0.49,0.58,0.99,1.0,0.48,0.5,0.53,0.56,0.17,0.07,0.12,0.16,0.04,0.05,0.03,0.05,0.0,0.0,0.0,0.0,0.0,0.0,0.314187665081,1.0
0.0715354433038,0.0155143556169,0.017127286355,0.0936339381971,0.0251746192787,0.0828613127688,859448.0,973.603028928,9.0,180.0,0.28,0.09,0.23,0.3,0.79,0.54,0.56,0.42,1.0,0.83,0.51,0.11,0.29,0.47,0.24,0.22,0.05,0.09,0.0,0.0,0.0,0.0,0.0,0.0,0.286098030985,1.0
0.115535703605,0.0975335322288,0.105985806106,0.101603867311,0.534095611964,0.410872267111,789376.0,792.502291082,31.0,142.0,0.15,0.2,0.2,0.02,0.35,0.37,0.62,0.41,0.66,0.76,0.96,0.83,0.98,0.43,1.0,0.61,0.0,0.01,0.0,0.0,0.0,0.0,0.0,0.0,0.353726196686,1.0
0.13212120733,0.145128216844,0.200857144178,0.0288744584474,0.19439276757,0.135168825478,1008436.0,521.095531955,5.0,22.0,0.0,0.19,0.22,0.2,0.25,0.0,1.0,0.78,0.0,0.06,0.85,0.64,0.07,0.21,0.0,0.0,0.24,0.0,0.0,0.0,0.0,0.0,0.0,0.0,0.296743611276,1.0
0.0764098008963,1.58386229724,1.12156820318,0.850404583233,0.269747922289,0.697040592665,813192.0,454.770557847,5.0,10.0,1.0,0.83,0.85,0.82,0.85,0.53,0.08,0.1,0.72,0.14,0.04,0.25,0.09,0.0,0.02,0.0,0.0,0.0,0.0,0.0,0.0,0.0,0.0,0.0,0.356483597877,1.0
0.0271267906478,0.234341579302,0.0404981720936,0.0598725374629,0.154315787233,0.134555744419,822076.0,925.422533858,6.0,140.0,0.07,0.55,0.92,0.63,0.53,0.7,0.53,0.31,1.0,0.69,0.61,0.96,0.3,0.68,0.57,0.52,0.31,0.0,0.0,0.0,0.0,0.0,0.0,0.0,0.33197222106,1.0
0.0730208924606,0.0576866316354,0.0684046764021,0.073288686647,0.0339018049659,0.0359140587126,798888.0,419.916208681,4.0,46.0,0.29,0.32,0.3,0.28,0.64,0.5,0.22,0.28,0.76,0.56,0.34,0.24,1.0,0.85,0.53,0.38,0.45,0.73,0.0,0.0,0.0,0.0,0.0,0.0,0.285544983321,1.0
0.068585857635,0.162234526208,0.303926111843,0.374390381848,0.434909367778,0.440145179999,581348.0,375.812160205,2.0,10.0,0.31,0.3,0.32,0.23,0.73,0.72,0.46,0.57,0.86,1.0,0.37,0.36,0.27,0.0,0.0,0.0,0.0,0.0,0.0,0.0,0.0,0.0,0.0,0.0,0.306035355619,1.0
0.376386314455,0.671681326295,1.17804367066,0.285453645888,0.0371255251502,0.283586750067,566200.0,977.110834737,237.0,139.0,0.07,0.12,0.29,0.29,0.47,0.51,0.52,0.4,0.87,1.0,0.86,0.65,0.82,0.62,0.31,0.59,0.18,0.16,0.0,0.0,0.0,0.0,0.0,0.0,0.31631751585,1.0
2.10670181734,3.7645837133,2.70537031767,1.10779761761,0.493281044856,0.948406753134,382044.0,425.941761398,38.0,58.0,0.71,0.63,0.6,0.54,0.76,1.0,0.72,0.65,0.58,0.57,0.5,0.49,0.48,0.38,0.12,0.14,0.15,0.08,0.0,0.0,0.0,0.0,0.0,0.0,0.30343748212,1.0
0.279532183344,0.0758231111294,0.458212566033,0.307720392488,0.258393093071,0.268796531289,246436.0,1625.63697897,166.0,159.0,0.26,0.3,0.49,0.7,0.99,1.0,0.38,0.41,0.93,0.94,0.36,0.33,0.66,0.67,0.34,0.27,0.27,0.28,0.0,0.0,0.0,0.0,0.0,0.0,0.327082006367,1.0
0.151999999285,0.294586439667,0.354841262866,0.0808831107638,0.0409523796569,0.0308000008583,869620.0,679.188176822,33.0,138.0,0.0,0.05,0.16,0.08,0.77,1.0,0.8,0.27,0.23,0.09,0.3,0.57,0.24,0.02,0.0,0.0,0.0,0.0,0.0,0.0,0.0,0.0,0.0,0.0,0.288688365235,1.0
0.393120879787,0.128049295849,0.230103721787,0.369936524644,0.828076995628,0.17105277829,1005956.0,1099.92787598,2.0,19.0,0.07,0.06,0.06,0.1,0.2,0.28,0.17,0.14,0.79,1.0,0.79,0.81,0.88,0.59,0.49,0.47,0.25,0.03,0.0,0.0,0.0,0.0,0.0,0.0,0.328645156497,1.0
0.791134573291,0.284869434856,2.31916271242,0.900912665929,0.28935727482,2.24943934269,462472.0,447.974434575,7.0,15.0,0.0,0.0,0.58,1.0,1.0,0.97,0.59,1.0,1.0,1.0,0.59,0.99,0.98,0.98,0.59,0.99,0.97,1.0,0.0,0.0,0.0,0.0,0.0,0.0,0.442826895888,1.0
0.152729478175,0.128317711196,0.37143498962,0.330985046524,0.176109479737,0.434376531042,1108784.0,301.156177884,2.0,22.0,0.38,0.42,0.47,0.51,1.0,1.0,0.46,0.37,0.78,0.57,0.18,0.13,0.64,0.48,0.18,0.05,0.01,0.0,0.0,0.0,0.0,0.0,0.0,0.0,0.315052630083,1.0
0.224834477225,1.12661119495,0.232039573047,0.781466361696,0.597926766873,0.369166219648,539692.0,1345.73617099,3.0,26.0,0.51,0.55,0.35,0.38,1.0,0.77,0.38,0.36,0.78,0.71,0.38,0.36,0.81,0.79,0.38,0.28,0.26,0.37,0.0,0.0,0.0,0.0,0.0,0.0,0.29531409832,1.0
0.487248349021,0.192839236279,0.157439801708,0.869954041853,0.0955012455202,0.938444457267,0.0,997.546609458,1.0,0.0,0.04,0.25,0.09,0.0,0.51,0.68,0.38,0.03,0.99,0.88,0.81,0.6,0.43,0.71,1.0,0.61,0.0,0.1,0.0,0.0,0.0,0.0,0.0,0.0,0.355972601552,1.0
0.28564885099,0.196717177488,0.0137289379285,0.035290080477,0.164124023839,0.055275202083,878760.0,858.771173301,25.0,142.0,0.64,0.49,0.64,0.38,0.68,0.91,0.15,0.74,0.74,0.58,0.55,0.42,1.0,0.73,0.3,0.24,0.32,0.18,0.0,0.0,0.0,0.0,0.0,0.0,0.311592849993,1.0
0.430342347762,0.168397238848,0.264572573892,0.127932520665,0.624569621532,0.410643496251,641332.0,1084.35548199,9.0,175.0,0.0,0.0,0.0,0.0,0.0,0.0,0.0,0.01,0.16,0.0,0.01,0.94,1.0,0.02,0.0,0.58,0.8,0.04,0.0,0.0,0.0,0.0,0.0,0.0,0.31356374507,1.0
0.921275276301,0.484892331272,0.0332222827929,0.237347844402,0.0631711554475,0.127830824471,398188.0,578.532421802,2.0,31.0,0.86,0.61,0.45,0.45,1.0,0.78,0.38,0.33,0.93,0.62,0.51,0.29,0.6,0.64,0.3,0.49,0.27,0.22,0.0,0.0,0.0,0.0,0.0,0.0,0.306063435237,1.0
0.0133333330353,0.179999995977,0.00952380923491,0.0759999996424,0.185333328611,0.00888888938008,649164.0,507.521060889,83.0,56.0,0.0,0.01,0.03,0.05,0.01,0.13,0.73,0.55,0.09,0.11,1.0,0.54,0.03,0.0,0.06,0.03,0.0,0.0,0.0,0.0,0.0,0.0,0.0,0.0,0.266137169624,1.0
0.125578938247,0.485011748032,0.126514285493,0.248253959463,0.515269463305,0.11151516078,545576.0,1241.27814693,49.0,160.0,0.05,0.16,0.66,0.59,0.11,0.49,1.0,0.79,0.1,0.45,0.85,0.8,0.14,0.09,0.31,0.21,0.03,0.0,0.0,0.0,0.0,0.0,0.0,0.0,0.321985754947,1.0
0.372323302616,0.120338196045,0.197441362986,0.361428946959,0.832924790602,0.142003285617,1017936.0,1103.0847644,2.0,16.0,0.07,0.06,0.06,0.1,0.2,0.27,0.17,0.14,0.81,1.0,0.79,0.81,0.89,0.59,0.49,0.47,0.25,0.03,0.0,0.0,0.0,0.0,0.0,0.0,0.330681115276,1.0
0.530339513226,0.499415329717,0.0719999971986,0.29999999702,0.171555553752,0.250000005588,772636.0,448.090979922,30.0,28.0,0.21,0.62,0.65,1.0,0.49,0.57,0.46,0.37,0.2,0.0,0.21,0.0,0.11,0.0,0.0,0.0,0.02,0.0,0.0,0.0,0.0,0.0,0.0,0.0,0.278133348814,1.0
0.261676832011,0.0619648019578,0.541570613155,0.113933550587,0.744911092257,0.540328413926,947116.0,703.328147355,6.0,142.0,0.48,0.5,1.0,0.01,0.53,0.92,0.36,0.01,0.27,0.87,0.46,0.44,0.88,0.85,0.0,0.0,0.0,0.02,0.0,0.0,0.0,0.0,0.0,0.0,0.357254188997,1.0
0.64614048315,1.62157510883,0.157704505332,0.270816923335,0.16343699136,0.524000667152,782864.0,840.214647306,14.0,142.0,0.07,0.22,0.0,0.0,0.14,0.45,0.02,0.0,0.71,1.0,0.08,0.0,0.53,0.44,0.02,0.0,0.0,0.0,0.0,0.0,0.0,0.0,0.0,0.0,0.265905162709,1.0
0.49739528357,0.109613147707,0.116725442754,0.0855467384138,0.167217612095,0.212090942579,792596.0,1088.22385411,41.0,0.0,0.02,0.0,0.0,0.62,0.35,0.15,0.07,0.3,0.7,0.33,0.36,0.63,0.42,0.28,0.08,1.0,0.2,0.19,0.0,0.0,0.0,0.0,0.0,0.0,0.268766472363,1.0
0.0700740747125,0.375635128395,0.335030322331,0.84698044083,0.466381883105,0.440317451394,765796.0,534.201491968,843.0,46.0,0.1,0.13,0.32,0.1,0.03,0.18,0.65,1.0,0.0,0.18,0.09,0.59,0.0,0.0,0.0,0.13,0.0,0.0,0.0,0.0,0.0,0.0,0.0,0.0,0.249180601617,1.0
0.0685572249823,0.0467591578763,0.0832050388216,0.0410314836943,0.0604278957509,0.143949545697,944848.0,859.683039067,152.0,180.0,0.27,0.18,0.13,0.36,1.0,0.73,0.35,0.41,0.73,0.8,0.31,0.39,0.86,0.87,0.41,0.44,0.53,0.29,0.0,0.0,0.0,0.0,0.0,0.0,0.309532577715,1.0
0.0853565610282,0.717176652698,0.0610166728917,0.0856622791564,0.628265623218,0.0664243540505,913400.0,1082.53574718,32.0,138.0,0.0,0.84,0.19,0.2,1.0,0.59,0.28,0.19,0.69,0.37,0.08,0.03,0.46,0.19,0.1,0.2,0.39,0.06,0.0,0.0,0.0,0.0,0.0,0.0,0.280415118866,1.0
0.274126605571,0.231165740417,0.968925295872,0.386196033238,0.884720396042,0.417357057528,1017456.0,568.274094233,28.0,23.0,0.08,0.0,0.0,0.0,0.81,1.0,0.0,0.23,0.79,0.61,0.58,0.56,0.11,0.0,0.0,0.0,0.0,0.0,0.0,0.0,0.0,0.0,0.0,0.0,0.317913936205,1.0
0.134909123644,0.0725722793758,0.367725478902,0.183117528675,0.321981387584,0.469584330493,484032.0,709.285330471,30.0,85.0,0.6,0.39,0.48,0.42,0.84,1.0,1.0,0.5,0.84,0.72,0.94,0.6,0.24,0.3,0.74,0.41,0.17,0.1,0.0,0.0,0.0,0.0,0.0,0.0,0.343539329384,1.0
0.854068559007,0.0752909082899,0.61002076037,0.265932008135,1.77773588323,0.157546645363,1055892.0,718.981727028,50.0,142.0,0.29,0.41,0.47,0.27,0.47,0.99,0.27,0.23,1.0,0.62,0.3,0.26,0.71,0.95,0.39,0.34,0.45,0.5,0.0,0.0,0.0,0.0,0.0,0.0,0.304571648203,1.0
0.404772143754,0.380876362365,0.286830352273,0.0935161640671,0.450110486383,0.33872797986,1132164.0,498.64700165,2.0,56.0,0.23,0.38,0.42,0.49,1.0,0.57,0.03,0.03,0.47,0.19,0.04,0.06,0.35,0.32,0.22,0.3,0.55,0.51,0.0,0.0,0.0,0.0,0.0,0.0,0.253930217886,1.0
0.0394738516227,0.0843640015309,0.0727407523731,0.0366095551307,0.0633333186596,0.0336473766691,248796.0,884.041929842,11.0,22.0,0.46,0.5,0.54,0.54,0.9,0.96,0.52,0.51,1.0,0.86,0.39,0.37,0.77,0.65,0.43,0.36,0.2,0.28,0.0,0.0,0.0,0.0,0.0,0.0,0.317196924463,1.0
1.17133307501,1.20044361059,2.65322118735,0.667225614736,0.204136596698,0.0629971273088,966968.0,375.834955701,76.0,44.0,0.12,0.06,0.18,0.15,0.37,0.62,0.29,0.29,0.43,0.36,0.48,0.69,0.84,0.54,0.92,1.0,0.93,0.1,0.0,0.0,0.0,0.0,0.0,0.0,0.328053762108,1.0
0.303931679139,0.41870775999,0.358620991385,0.251273562185,0.360549069019,0.0406944257265,238236.0,160.66346429,2.0,108.0,0.0,0.0,0.0,0.0,0.0,0.0,0.0,0.0,0.0,0.0,0.0,0.0,0.23,0.35,0.3,0.26,0.24,1.0,0.0,0.0,0.0,0.0,0.0,0.0,0.219334536471,1.0
0.0437460340035,2.05286412734,1.40193840211,0.149788018979,0.222359448389,0.26876190259,0.0,952.160362393,1.0,0.0,0.12,0.71,0.77,0.68,0.64,0.41,0.7,1.0,0.54,0.1,0.03,0.15,0.14,0.0,0.0,0.0,0.0,0.0,0.0,0.0,0.0,0.0,0.0,0.0,0.322173338006,1.0
0.126741704782,0.245124528567,0.29827778016,0.0699400969001,0.0621818513537,0.644849073104,442896.0,1314.85427506,9.0,17.0,0.12,0.17,0.12,0.08,0.45,0.48,0.53,0.56,0.94,1.0,0.5,0.56,0.77,0.61,0.37,0.36,0.15,0.17,0.0,0.0,0.0,0.0,0.0,0.0,0.302405862304,1.0
0.257116896394,0.0537149422635,0.0315976956921,0.0425069790354,0.103187012154,0.133587570894,428808.0,1535.6171453,20.0,180.0,0.45,0.44,0.61,0.47,0.9,0.72,0.3,0.27,1.0,0.74,0.36,0.32,0.7,0.96,0.42,0.37,0.5,0.61,0.0,0.0,0.0,0.0,0.0,0.0,0.311103546535,1.0
0.0646969149865,0.306757468752,0.167374700919,0.0681853829323,0.206192860084,0.0371535694265,309676.0,1464.98018526,4.0,94.0,0.45,0.36,0.52,0.42,0.92,0.92,0.35,0.55,0.96,1.0,0.43,0.54,0.94,0.95,0.41,0.58,0.49,0.57,0.0,0.0,0.0,0.0,0.0,0.0,0.33993463424,1.0
0.0911794837695,0.0593650771653,0.125993272296,0.145714282305,0.301185187848,0.0308571415119,514152.0,390.698589777,142.0,91.0,0.0,0.0,0.03,0.14,0.31,0.04,0.2,0.54,0.38,0.01,0.22,1.0,0.39,0.11,0.3,0.61,0.15,0.0,0.0,0.0,0.0,0.0,0.0,0.0,0.2478066983,1.0
0.183130916416,0.308697347044,0.217728160065,0.0996181153637,0.153174382002,0.154191251701,1025852.0,1109.23047994,22.0,30.0,0.0,0.0,0.0,0.0,0.0,0.0,0.01,0.18,0.31,0.05,0.12,1.0,0.59,0.3,0.0,0.0,0.04,0.01,0.0,0.0,0.0,0.0,0.0,0.0,0.232868212014,1.0
0.115999491894,0.149411258761,0.149047616776,0.116227110089,0.172517705718,0.155814411284,120000.0,145.996682702,2.0,6.0,0.24,0.28,0.21,0.19,0.59,0.73,0.5,0.51,0.89,0.88,0.57,0.53,1.0,0.92,0.53,0.55,0.59,0.58,0.0,0.0,0.0,0.0,0.0,0.0,0.321588667141,1.0
0.0196825403943,0.00715151385308,0.0213333330221,0.00844444578445,0.0136613194848,0.0230476185294,236944.0,662.805741704,2.0,9.0,0.14,0.29,0.15,0.29,0.3,0.48,0.15,0.41,0.72,1.0,0.32,0.32,0.21,0.56,0.15,0.29,0.15,0.3,0.0,0.0,0.0,0.0,0.0,0.0,0.241875986935,1.0
0.278873503726,0.051175178506,0.0989540196856,0.162258131167,0.0276499163489,0.0699737023483,577216.0,1610.13605702,23.0,173.0,0.08,0.38,0.11,0.05,0.44,0.45,0.21,0.25,0.44,1.0,0.6,0.47,0.72,0.78,0.61,0.48,0.38,0.19,0.0,0.0,0.0,0.0,0.0,0.0,0.282867263728,1.0
0.124169323861,0.0176892515374,0.0327354467808,0.112656975744,0.141521781334,0.35436093631,1000600.0,508.163507463,47.0,18.0,0.16,0.29,0.29,0.31,0.51,0.33,0.1,0.23,0.57,0.77,0.1,0.13,1.0,0.65,0.0,0.05,0.58,0.58,0.0,0.0,0.0,0.0,0.0,0.0,0.282967594827,1.0
0.32471063454,0.133519654269,0.805744072019,0.100337943482,0.129531680708,0.847093509758,996196.0,748.217396281,2.0,77.0,0.0,0.17,0.57,0.53,0.1,0.0,0.18,0.89,0.88,0.2,0.0,0.44,1.0,0.52,0.0,0.1,0.57,0.9,0.0,0.0,0.0,0.0,0.0,0.0,0.342877681056,1.0
0.470820813368,0.294083669415,0.412701211003,0.784359990888,0.736270378078,0.476887917162,621172.0,827.231759646,143.0,22.0,0.18,0.14,0.28,0.36,1.0,0.75,0.29,0.39,0.41,0.3,0.43,0.34,0.23,0.03,0.05,0.12,0.34,0.39,0.0,0.0,0.0,0.0,0.0,0.0,0.245005314568,1.0
0.325260963554,0.776622419426,0.762252410889,0.398048499098,0.461758232311,0.424405119354,700468.0,311.491724071,5.0,10.0,0.01,0.01,0.01,0.01,0.03,0.02,0.01,0.02,0.01,0.02,0.01,0.01,0.99,0.93,0.91,0.9,0.9,1.0,0.0,0.0,0.0,0.0,0.0,0.0,0.402819921167,1.0
0.606662787443,0.282764685853,0.144219782738,0.0709679402586,0.0949786249127,0.108362030315,960092.0,1301.25369687,2.0,17.0,0.28,0.21,0.26,0.31,1.0,0.95,0.64,0.63,0.88,0.72,0.48,0.51,0.86,0.66,0.27,0.2,0.09,0.01,0.0,0.0,0.0,0.0,0.0,0.0,0.337251966471,1.0
0.481016158825,0.333244774444,0.460938553171,0.291213216952,0.227052486837,0.211468810252,0.0,960.692241744,1.0,0.0,0.57,0.71,0.38,0.35,0.72,1.0,0.51,0.19,0.42,0.6,0.34,0.53,0.81,0.25,0.08,0.13,0.4,0.2,0.0,0.0,0.0,0.0,0.0,0.0,0.287986002264,1.0
0.109333331404,0.130824327623,0.142479708059,0.140993775151,0.264418056523,0.286577062861,732300.0,1001.52503567,9.0,83.0,0.06,0.25,0.18,0.18,0.53,1.0,0.32,0.11,0.75,0.13,0.3,0.23,0.45,0.5,0.17,0.35,0.12,0.18,0.0,0.0,0.0,0.0,0.0,0.0,0.249398930208,1.0
0.252474485465,0.622530758203,0.312766944701,0.234970921514,0.101819934274,0.185974364764,647256.0,791.221575669,2.0,52.0,1.0,0.63,0.39,0.05,0.88,0.81,0.29,0.13,0.64,0.45,0.52,0.14,0.65,0.42,0.29,0.0,0.0,0.01,0.0,0.0,0.0,0.0,0.0,0.0,0.319360254606,1.0
0.197144085927,0.177000985546,0.232870302344,0.10591839679,0.178919395182,0.169491913379,468372.0,993.461360489,20.0,23.0,0.26,0.2,0.32,0.31,0.69,0.58,0.33,0.34,1.0,0.61,0.23,0.42,0.84,0.71,0.37,0.27,0.29,0.42,0.0,0.0,0.0,0.0,0.0,0.0,0.276108561077,1.0
0.062238370898,0.00075559285418,0.0109507955708,0.0293699261122,0.0227780457544,0.150853604069,149924.0,1735.11343452,1114.0,30.0,0.34,0.45,0.34,0.3,0.81,0.61,0.51,0.33,1.0,0.81,0.29,0.46,0.99,0.76,0.46,0.39,0.38,0.4,0.0,0.0,0.0,0.0,0.0,0.0,0.305127193424,1.0
0.587370772377,0.551314442498,0.175178893898,0.150658402898,0.172330915069,0.542262946951,895224.0,1227.47439945,162.0,63.0,0.08,0.1,0.1,0.18,0.46,0.86,0.16,0.23,1.0,0.88,0.49,0.28,0.71,0.37,0.18,0.05,0.05,0.02,0.0,0.0,0.0,0.0,0.0,0.0,0.306766288167,1.0
0.428776219529,0.843547338912,1.08762064623,1.26828410711,0.241273310257,0.849642333904,492980.0,739.16678625,7.0,30.0,0.19,0.17,0.0,0.0,0.15,0.52,0.29,0.04,0.13,0.55,1.0,0.84,0.83,0.79,0.26,0.35,0.28,0.24,0.0,0.0,0.0,0.0,0.0,0.0,0.30796120562,1.0
0.536926768218,0.177146020415,2.62166083547,1.01008274649,0.353894491551,0.665964537555,1187932.0,646.542374717,74.0,46.0,0.02,0.01,0.0,0.01,0.17,0.4,0.05,0.17,0.21,0.43,1.0,0.6,0.18,0.78,0.13,0.08,0.0,0.0,0.0,0.0,0.0,0.0,0.0,0.0,0.268089951737,1.0
0.203832107615,0.0433316300556,0.300103955816,0.0703429516237,0.0707116842529,0.0465008676331,229648.0,1981.55534135,27.0,138.0,0.42,0.46,0.49,0.46,0.97,0.9,0.47,0.48,0.75,1.0,0.55,0.47,0.9,0.92,0.61,0.5,0.47,0.42,0.0,0.0,0.0,0.0,0.0,0.0,0.325290468488,1.0
0.483360148342,0.2483266749,0.18625596544,0.156709927767,0.641931067453,0.699931388661,516136.0,555.943012517,89.0,14.0,0.06,0.16,0.18,0.14,0.56,0.54,0.51,0.49,0.99,1.0,0.51,0.49,0.98,0.9,0.46,0.4,0.37,0.4,0.0,0.0,0.0,0.0,0.0,0.0,0.33071786398,1.0
0.0143430565835,0.0762460720028,0.116272757961,0.0127835305561,0.0752830896474,0.182546702281,779236.0,580.211920086,2.0,12.0,0.54,0.55,0.49,0.61,0.94,0.78,0.46,0.43,0.96,0.87,0.72,0.59,1.0,0.81,0.79,0.46,0.37,0.26,0.0,0.0,0.0,0.0,0.0,0.0,0.335434782119,1.0
0.297730379263,0.609506891787,0.170853444232,0.106945302345,0.247222280082,0.168928964361,1071104.0,686.604230145,2.0,80.0,0.0,0.0,0.18,0.02,0.11,0.14,0.99,0.94,1.0,0.49,0.1,0.49,0.57,0.08,0.0,0.01,0.07,0.0,0.0,0.0,0.0,0.0,0.0,0.0,0.331182383036,1.0
0.396978186953,0.549129147981,0.377664697045,0.212494253048,0.217104105821,0.656374972075,836588.0,370.973741247,2.0,36.0,0.43,0.05,0.0,0.0,0.48,0.79,0.68,0.07,0.1,0.32,0.43,0.88,0.21,0.38,0.0,0.18,1.0,0.0,0.0,0.0,0.0,0.0,0.0,0.0,0.30969070592,1.0
0.0798774866956,0.0433631003861,0.165461777655,0.0611660211127,0.0539553288014,0.22601930697,356080.0,949.703962984,111.0,97.0,0.48,0.28,0.36,0.29,0.75,0.41,0.36,0.25,1.0,0.64,0.37,0.15,0.51,0.34,0.25,0.18,0.17,0.16,0.0,0.0,0.0,0.0,0.0,0.0,0.25221484173,1.0
0.0607793722357,0.0358545879871,0.0394171191973,0.00656981930842,0.0204770530069,0.0298445800923,980432.0,76.0740528852,2.0,0.0,0.2,0.23,0.23,0.24,0.75,0.73,0.46,0.43,1.0,0.9,0.43,0.39,0.79,0.67,0.25,0.19,0.14,0.12,0.0,0.0,0.0,0.0,0.0,0.0,0.308240695543,1.0
0.0902535313001,0.0859103363284,0.319025913136,0.0833253238254,0.104248322082,0.134361458977,346516.0,1275.23181825,79.0,180.0,0.41,0.53,0.45,0.38,0.94,0.91,0.36,0.33,1.0,0.86,0.28,0.22,0.87,0.82,0.2,0.14,0.36,0.38,0.0,0.0,0.0,0.0,0.0,0.0,0.333062389884,1.0
0.0326924137346,0.0514819963598,0.15994829619,0.0103961237356,0.265789668461,0.236771077444,433604.0,1137.37675679,90.0,171.0,0.41,0.57,0.56,0.6,0.8,0.71,0.38,0.43,0.88,0.85,0.29,0.35,1.0,0.55,0.28,0.37,0.55,0.25,0.0,0.0,0.0,0.0,0.0,0.0,0.302771629652,1.0
0.0282437873808,0.31761646806,0.0134653291736,0.0483158177024,0.0411218286409,0.00988577792197,0.0,1560.21103172,1.0,0.0,0.02,0.19,0.37,0.3,0.58,0.58,0.5,0.43,1.0,0.66,0.21,0.21,0.39,0.46,0.01,0.04,0.01,0.06,0.0,0.0,0.0,0.0,0.0,0.0,0.270338008591,1.0
0.181653330185,0.248584342758,0.219196467183,0.103695365412,0.0692770460959,0.105460342159,751064.0,361.747778826,6.0,75.0,0.0,0.0,0.0,0.0,0.0,0.0,0.0,0.0,0.17,0.13,0.19,0.07,0.83,0.71,1.0,0.6,0.56,0.51,0.0,0.0,0.0,0.0,0.0,0.0,0.307236506349,1.0
0.48374622285,0.128786448192,0.137200008715,1.11572819438,0.147816362067,0.0435349825274,725412.0,770.963418989,2.0,39.0,0.15,0.3,0.44,0.48,1.0,0.69,0.79,0.71,0.87,0.8,0.78,0.52,0.79,0.79,0.3,0.18,0.21,0.02,0.0,0.0,0.0,0.0,0.0,0.0,0.34239252166,1.0
0.463711309348,0.393689779587,0.798504652581,0.651515771226,0.280389825332,0.307024021999,767888.0,591.680281777,2.0,104.0,0.02,0.0,0.31,0.93,0.95,0.61,0.16,0.92,0.99,0.92,0.0,0.85,1.0,0.9,0.01,0.81,0.98,0.92,0.0,0.0,0.0,0.0,0.0,0.0,0.439146900251,1.0
0.217905100384,0.128477042617,0.564019544147,0.377804852769,0.204882257141,0.886331955813,714540.0,360.213658178,2.0,16.0,0.33,0.77,0.0,0.0,0.17,0.37,0.4,0.0,0.17,0.59,0.37,0.0,1.0,0.39,0.0,0.0,0.0,0.0,0.0,0.0,0.0,0.0,0.0,0.0,0.275922694488,1.0
0.0171800101138,0.0800224358355,0.0342927662115,0.0356072508555,0.192098105093,0.00604145038739,412272.0,705.637042481,356.0,43.0,0.22,0.52,0.48,0.48,0.9,0.69,0.57,0.52,1.0,0.96,0.61,0.68,0.9,0.91,0.53,0.54,0.62,0.22,0.0,0.0,0.0,0.0,0.0,0.0,0.334968644884,1.0
0.134561091613,0.733442985527,0.0875013528191,0.0638460557806,0.319165257481,0.20317044659,641908.0,1177.01214759,23.0,39.0,0.5,0.04,0.0,0.0,0.25,0.21,0.14,0.11,0.25,1.0,0.37,0.8,0.53,0.94,0.39,0.78,0.36,0.3,0.0,0.0,0.0,0.0,0.0,0.0,0.312896137809,1.0
0.175966390274,0.0679999995232,0.105151514784,0.0727912083515,0.0172467485008,0.0387798445417,662456.0,364.99346579,326.0,91.0,0.15,0.02,0.1,0.07,0.34,1.0,1.0,0.11,0.57,0.97,0.33,0.69,0.7,0.17,0.01,0.06,0.01,0.03,0.0,0.0,0.0,0.0,0.0,0.0,0.345830070266,1.0
0.270499469668,0.32176719668,0.157468865293,0.154540305837,0.412904767017,0.172639958139,1039064.0,732.980467825,29.0,35.0,0.04,0.48,0.87,0.78,0.48,0.95,0.92,0.72,0.45,0.55,0.91,0.97,0.52,0.68,0.78,1.0,0.65,0.12,0.0,0.0,0.0,0.0,0.0,0.0,0.369481383909,1.0
1.91260748322,1.17519222957,0.168655521097,0.376853590269,0.297424069768,1.28439496754,517236.0,607.235869294,5.0,88.0,0.43,0.51,0.52,0.52,1.0,0.63,0.52,0.52,0.86,0.55,0.45,0.22,0.53,0.36,0.08,0.04,0.0,0.0,0.0,0.0,0.0,0.0,0.0,0.0,0.298527636912,1.0
0.196380471286,0.175169902389,0.31969460049,0.23280037385,0.285656481939,0.136563874172,1013752.0,1055.63191308,3.0,56.0,0.52,0.46,0.43,0.27,0.54,0.62,0.64,0.49,0.67,0.46,0.74,0.64,1.0,0.79,0.66,0.65,0.62,0.61,0.0,0.0,0.0,0.0,0.0,0.0,0.292467650158,1.0
0.0472935488266,0.190240764255,0.422862894258,0.183969440585,0.274315743688,0.621349921705,463844.0,952.66649036,2.0,40.0,0.31,0.44,0.54,0.56,0.91,1.0,0.41,0.59,0.88,0.95,0.45,0.49,0.79,0.95,0.41,0.54,0.63,0.74,0.0,0.0,0.0,0.0,0.0,0.0,0.33494376601,1.0
0.174492072686,0.152088885836,1.12055345293,0.170134018663,0.220707708324,0.170747641707,781620.0,1002.23566851,104.0,60.0,0.17,0.47,0.52,0.39,1.0,0.95,0.47,0.84,0.9,0.99,0.13,0.42,0.35,0.93,0.21,0.05,0.23,0.37,0.0,0.0,0.0,0.0,0.0,0.0,0.355590031966,1.0
0.752151622775,0.607870137723,0.253375763777,0.447497624513,0.167466760343,0.205467302596,910316.0,467.808366471,2.0,108.0,0.05,0.04,0.05,0.05,0.06,0.07,0.38,0.53,0.41,0.72,0.54,0.86,0.89,1.0,0.01,0.27,0.25,0.25,0.0,0.0,0.0,0.0,0.0,0.0,0.318066805963,1.0
0.2040556134,0.775502428884,0.332131098674,0.268546193411,0.56769297033,0.217592622446,813524.0,502.028366601,429.0,71.0,0.02,0.44,0.71,0.61,0.62,0.74,0.77,0.81,0.6,0.94,0.96,1.0,0.58,0.62,0.64,0.54,0.38,0.13,0.0,0.0,0.0,0.0,0.0,0.0,0.345005786989,1.0
0.158666664263,0.222964141557,1.26646781952,0.478095218353,0.403698338412,0.26477919664,1060960.0,641.116625698,26.0,36.0,0.0,0.0,0.0,0.0,0.0,0.0,0.03,0.2,0.09,0.46,0.75,1.0,0.25,0.0,0.0,0.0,0.23,0.46,0.0,0.0,0.0,0.0,0.0,0.0,0.262074721639,1.0
0.018096081056,0.357317500585,0.215297548606,0.126532711667,0.0226249838626,0.0941889460481,288032.0,1077.95397899,35.0,47.0,0.31,0.52,0.51,0.38,0.69,0.83,0.55,0.48,0.83,0.93,0.75,0.54,1.0,0.98,0.44,0.52,0.55,0.45,0.0,0.0,0.0,0.0,0.0,0.0,0.324254486819,1.0
0.328570352842,0.63020874852,0.443803013517,1.30073035049,0.132849642689,0.799955023942,786036.0,229.269293502,2.0,0.0,0.58,0.47,0.51,0.64,0.59,0.61,0.54,0.59,0.74,0.71,0.67,0.26,0.82,1.0,0.61,0.0,0.0,0.02,0.0,0.0,0.0,0.0,0.0,0.0,0.325934553758,1.0
0.0611975128587,0.290474499885,0.484658894253,0.0843817849651,0.451208245636,0.302788589714,1047120.0,681.101253835,5.0,22.0,0.43,0.61,0.34,0.03,0.03,0.47,0.6,0.61,0.44,0.1,0.18,0.55,0.69,1.0,0.43,0.4,0.42,0.23,0.0,0.0,0.0,0.0,0.0,0.0,0.276495931254,1.0
0.107941226687,0.356659616889,0.0731473959585,0.150067537929,0.0916092183184,0.119751563826,970864.0,910.245116389,4.0,20.0,0.36,0.37,0.43,0.43,1.0,0.85,0.4,0.37,0.76,0.71,0.31,0.28,0.67,0.59,0.3,0.31,0.3,0.23,0.0,0.0,0.0,0.0,0.0,0.0,0.281799463271,1.0
1.26708119461,0.118796508516,0.344205832088,1.02023001965,0.167837787901,0.483514641317,981436.0,494.676049689,2.0,74.0,0.76,0.73,0.66,0.31,1.0,0.95,0.35,0.22,0.78,0.73,0.16,0.34,0.22,0.19,0.09,0.0,0.02,0.05,0.0,0.0,0.0,0.0,0.0,0.0,0.336167121137,1.0
0.199312272367,0.553771937962,0.280121685338,0.38526241369,0.0244778605776,0.0484189492015,876448.0,734.832186699,27.0,113.0,0.0,0.0,0.0,0.04,0.01,0.0,0.35,1.0,1.0,0.2,0.38,0.52,0.8,0.32,0.0,0.1,0.12,0.0,0.0,0.0,0.0,0.0,0.0,0.0,0.314227447701,1.0
0.239397721371,0.137940340016,0.108553096302,0.360196634496,0.0633220744282,0.0713067892672,574332.0,371.034529775,11.0,10.0,1.0,0.61,0.11,0.01,0.7,0.66,0.28,0.37,0.15,0.09,0.56,0.27,0.56,0.59,0.15,0.0,0.0,0.0,0.0,0.0,0.0,0.0,0.0,0.0,0.293754137087,1.0
0.175657491453,0.0444459911367,0.0460453801333,0.0987697714364,0.012466064135,0.0929242602805,125184.0,1684.53409269,9.0,34.0,0.55,0.55,0.5,0.48,1.0,0.96,0.54,0.49,0.98,0.94,0.51,0.47,0.94,0.87,0.47,0.45,0.43,0.38,0.0,0.0,0.0,0.0,0.0,0.0,0.33769413141,1.0
0.179586515997,0.0498237600345,0.0322825901865,0.0991301968881,0.0750482194174,0.306440760649,588900.0,1245.01319799,71.0,103.0,0.38,0.26,0.47,0.19,0.89,1.0,0.59,0.39,1.0,0.99,0.4,0.5,0.93,0.89,0.37,0.26,0.39,0.86,0.0,0.0,0.0,0.0,0.0,0.0,0.358267435801,1.0
0.409821945399,0.0248132381287,0.374333347557,0.144263589815,0.314205378425,0.151428859298,873820.0,514.951028964,2.0,21.0,0.0,0.0,0.15,0.36,0.0,0.01,0.4,0.5,0.28,0.29,0.37,0.89,1.0,0.98,0.14,0.42,0.96,0.46,0.0,0.0,0.0,0.0,0.0,0.0,0.34017739449,1.0
0.46000001207,0.00445034082296,0.297980664822,0.0320827314451,0.091333336143,0.630110159676,814076.0,747.162641036,2.0,94.0,0.0,0.0,0.0,0.0,0.09,0.02,0.0,0.03,0.32,0.02,0.0,0.42,1.0,0.61,0.0,0.02,0.32,0.19,0.0,0.0,0.0,0.0,0.0,0.0,0.242773328207,1.0
0.265548167855,0.353861168262,0.193495809672,0.226849862994,0.411796404995,0.354239450401,904528.0,546.386763883,66.0,23.0,0.0,0.0,0.0,0.0,0.2,0.33,0.61,0.37,0.3,0.05,0.04,0.01,0.18,0.01,0.0,0.0,0.0,1.0,0.0,0.0,0.0,0.0,0.0,0.0,0.240154753348,1.0
0.654273195547,0.219263846686,0.17902019014,0.122062075065,1.87391971574,0.0943162236078,1036192.0,474.000872491,2.0,23.0,0.0,0.0,0.01,0.16,0.07,0.0,0.26,0.89,0.54,0.2,0.95,0.71,1.0,0.98,0.84,0.57,0.65,0.59,0.0,0.0,0.0,0.0,0.0,0.0,0.378372795299,1.0
0.493059680977,0.541911275339,0.221717666382,0.265876295028,0.09398608823,0.190732317473,0.0,528.531090025,1.0,0.0,0.64,0.82,0.95,0.88,1.0,0.92,0.44,0.4,0.31,0.27,0.05,0.1,0.01,0.02,0.0,0.0,0.0,0.0,0.0,0.0,0.0,0.0,0.0,0.0,0.365636573891,1.0
2.3341899517,0.313749051466,0.297862544014,0.609282589901,1.48632116693,0.029146192052,274016.0,149.708244318,2.0,0.0,0.1,0.52,0.89,0.94,1.0,0.9,0.83,0.92,0.96,0.73,0.59,0.8,0.8,0.51,0.34,0.57,0.53,0.19,0.0,0.0,0.0,0.0,0.0,0.0,0.369740900271,1.0
0.109333331404,0.125696116639,0.142479708059,0.140993775151,0.267144592662,0.281363930208,768148.0,1001.51800125,16.0,78.0,0.06,0.25,0.18,0.18,0.53,1.0,0.32,0.11,0.75,0.13,0.3,0.23,0.44,0.5,0.17,0.35,0.12,0.18,0.0,0.0,0.0,0.0,0.0,0.0,0.249059341434,1.0
0.818243613476,1.33834149798,2.39893686289,0.817571624073,0.119881502601,0.243489500168,1022976.0,652.736784479,13.0,20.0,0.0,0.45,0.86,0.35,0.0,0.44,0.8,0.28,0.0,0.0,0.28,0.25,0.25,0.84,1.0,0.36,0.25,0.24,0.0,0.0,0.0,0.0,0.0,0.0,0.30907764891,1.0
0.0148012103387,0.170542217506,0.0092893002633,0.0285387567841,0.276725655815,0.0127007013255,127464.0,776.876226896,4.0,23.0,0.51,0.45,0.36,0.43,1.0,0.72,0.51,0.25,0.88,0.91,0.48,0.29,0.81,0.78,0.57,0.53,0.27,0.37,0.0,0.0,0.0,0.0,0.0,0.0,0.312778764553,1.0
0.422611205421,0.414874252509,0.569195695805,0.141349881596,0.176229996853,0.0353455417934,689228.0,605.462788561,13.0,176.0,0.0,0.0,0.0,0.0,0.0,0.02,0.0,0.0,0.1,0.04,0.0,0.02,1.0,0.9,0.78,0.83,0.94,0.88,0.0,0.0,0.0,0.0,0.0,0.0,0.382573295447,1.0
0.162540019904,0.273336285042,0.263203258814,0.0914045771155,0.62676021353,0.3296043826,552296.0,597.530000046,3.0,62.0,0.33,0.26,0.26,0.27,0.85,0.96,0.59,0.45,0.9,1.0,0.6,0.33,0.51,0.69,0.01,0.03,0.11,0.17,0.0,0.0,0.0,0.0,0.0,0.0,0.334448135823,1.0
0.0329968700967,0.0950487694749,0.518365971349,0.142475050222,0.0782077057986,0.245254842494,774560.0,944.482397518,2.0,69.0,0.59,0.69,0.39,0.13,0.5,0.57,0.7,0.27,0.25,0.58,1.0,0.44,0.3,0.42,0.63,0.64,0.43,0.23,0.0,0.0,0.0,0.0,0.0,0.0,0.276646585617,1.0
0.308890248807,0.14685577002,0.140182768578,0.0654843513184,0.12204939186,0.194658090671,326464.0,215.892869842,2.0,6.0,0.0,0.02,0.16,0.49,0.6,0.83,0.6,0.47,0.5,1.0,0.26,0.1,0.58,0.55,0.16,0.13,0.23,0.49,0.0,0.0,0.0,0.0,0.0,0.0,0.292678898283,1.0
0.144034000578,0.210871296001,0.103241063452,0.154047626833,0.119860331628,0.0697178143109,454788.0,1191.10015787,92.0,44.0,0.0,0.0,0.0,0.0,0.0,0.06,0.1,0.26,0.54,1.0,0.9,0.59,0.68,0.66,0.33,0.01,0.0,0.0,0.0,0.0,0.0,0.0,0.0,0.0,0.318941119174,1.0
0.152013770619,0.106890901612,0.216891178329,0.361599455973,0.402913656045,0.152711190127,379536.0,993.625108334,507.0,88.0,0.5,0.5,0.49,0.51,0.92,1.0,0.45,0.51,0.74,0.77,0.24,0.27,0.28,0.28,0.02,0.05,0.01,0.0,0.0,0.0,0.0,0.0,0.0,0.0,0.314323568247,1.0
0.158230007881,0.0456302687365,0.0682463244146,0.151284527882,0.00905278031978,0.126007286506,401504.0,1316.86806907,239.0,135.0,0.34,0.31,0.42,0.29,0.74,0.55,0.31,0.37,1.0,0.79,0.43,0.53,0.63,0.53,0.41,0.41,0.48,0.16,0.0,0.0,0.0,0.0,0.0,0.0,0.270912808852,1.0
0.41862338133,0.114025386604,0.517597558402,0.0608888758505,0.697809875108,0.0792958012277,930744.0,437.86978477,2.0,31.0,0.0,0.0,0.0,0.0,0.0,0.04,0.41,0.01,0.01,0.72,0.95,0.6,0.71,1.0,0.84,0.92,0.79,0.46,0.0,0.0,0.0,0.0,0.0,0.0,0.383176598392,1.0
0.066182563624,0.183352968427,0.133806104958,0.0779110348676,0.0363983708666,0.0355932818902,1081144.0,1266.3290618,4.0,29.0,0.0,0.3,0.85,0.96,0.69,0.52,0.78,0.77,0.63,0.52,0.72,0.83,0.79,0.48,0.72,1.0,0.76,0.21,0.0,0.0,0.0,0.0,0.0,0.0,0.354253665785,1.0
0.268311701425,0.599793170872,0.525170526035,0.444954681382,0.19023350749,0.222167034616,592832.0,120.636167715,2.0,19.0,0.03,0.08,0.13,0.18,0.44,0.66,0.17,0.33,0.77,1.0,0.17,0.45,0.71,0.8,0.14,0.29,0.32,0.36,0.0,0.0,0.0,0.0,0.0,0.0,0.293576781079,1.0
0.0609095606242,0.851848432756,1.06839324711,0.797034180201,0.117717397328,0.052023553935,1128524.0,668.839102757,12.0,24.0,0.1,0.71,0.51,0.36,0.82,1.0,0.43,0.52,0.69,0.53,0.26,0.39,0.79,0.49,0.02,0.31,0.15,0.01,0.0,0.0,0.0,0.0,0.0,0.0,0.307170950865,1.0
0.145015875678,0.117938537124,0.161703710366,0.0644770498048,0.113111967246,0.115540379846,970568.0,1099.28714181,146.0,65.0,0.33,0.36,0.21,0.34,1.0,0.3,0.41,0.37,0.31,0.45,0.38,0.49,0.19,0.15,0.07,0.65,0.44,0.02,0.0,0.0,0.0,0.0,0.0,0.0,0.242564066566,1.0
0.207285937998,0.146288209626,0.11265858724,0.0439009756273,0.518708068565,0.431613083159,547020.0,902.244320116,2.0,43.0,0.0,0.0,0.04,0.2,0.42,0.79,0.77,0.85,0.95,0.94,0.88,0.68,0.98,1.0,0.69,0.85,0.67,0.4,0.0,0.0,0.0,0.0,0.0,0.0,0.398188388901,1.0
0.0376300236389,0.12537564932,0.172991067424,0.0292800964374,0.0201491800045,0.268181952736,775824.0,995.190149902,2.0,24.0,0.0,0.22,0.5,0.0,0.0,0.08,0.8,0.39,0.54,0.59,1.0,0.35,0.02,0.04,0.98,0.02,0.0,0.0,0.0,0.0,0.0,0.0,0.0,0.0,0.325812819047,1.0
0.0729581011642,0.264355215344,0.126518121823,0.0882259040204,0.0884421678879,0.100640656247,242816.0,1604.74598058,2.0,111.0,0.63,0.56,0.49,0.58,0.99,1.0,0.49,0.5,0.53,0.57,0.17,0.07,0.13,0.16,0.04,0.05,0.03,0.05,0.0,0.0,0.0,0.0,0.0,0.0,0.315022045084,1.0
0.193781594203,0.0751294430652,0.125288185983,0.23520374924,0.153447551945,0.693001937147,296204.0,1027.40757771,475.0,73.0,0.14,0.16,0.32,0.94,1.0,0.76,0.86,0.63,0.88,0.79,0.44,0.21,0.69,0.79,0.49,0.57,0.6,0.89,0.0,0.0,0.0,0.0,0.0,0.0,0.354106857695,1.0
0.51634235027,0.20067411766,0.170148873734,0.147681286119,0.235267731163,0.137350773817,1002616.0,517.743363883,30.0,47.0,0.08,0.01,0.26,0.04,0.07,0.02,0.33,0.14,0.7,0.43,0.05,1.0,0.33,0.26,0.01,0.56,0.1,0.26,0.0,0.0,0.0,0.0,0.0,0.0,0.254440767501,1.0
0.0740866452739,0.268623120145,0.200155023858,0.123113136641,0.406075901315,0.588795974863,0.0,238.540741633,1.0,0.0,0.09,0.29,0.46,0.51,0.51,0.63,0.68,0.72,0.79,0.85,0.79,0.84,0.9,1.0,0.81,0.88,0.75,0.55,0.0,0.0,0.0,0.0,0.0,0.0,0.349606673833,1.0
0.0442905206572,0.116040987549,0.159394309008,0.099268065823,0.115237797189,0.0463757813641,459020.0,936.704774493,2.0,28.0,0.26,0.37,0.37,0.34,0.74,0.79,0.41,0.42,0.86,0.91,0.44,0.46,0.87,1.0,0.36,0.43,0.44,0.51,0.0,0.0,0.0,0.0,0.0,0.0,0.310991916651,1.0
0.316271190273,0.723910277193,0.807206204287,0.344667695443,0.131349483284,0.159890976314,1062520.0,565.303387077,19.0,154.0,0.0,0.15,0.35,0.05,0.0,0.39,1.0,0.01,0.0,0.0,0.21,0.0,0.0,0.0,0.0,0.0,0.0,0.0,0.0,0.0,0.0,0.0,0.0,0.0,0.218841647468,1.0
0.106265667672,1.10350918467,0.247103805705,0.0413809494868,0.291999995158,0.0512299490187,914164.0,870.516191106,6.0,75.0,0.0,0.0,0.2,0.4,0.71,1.0,0.37,0.56,0.59,0.68,0.21,0.1,0.15,0.06,0.02,0.0,0.0,0.03,0.0,0.0,0.0,0.0,0.0,0.0,0.286598829183,1.0
0.212888882767,0.319548872281,0.325396816995,0.371407402056,0.320551920526,0.237994583081,0.0,142.898685085,1.0,0.0,0.0,0.05,0.22,0.33,0.24,0.17,0.23,0.36,0.28,0.34,0.38,0.38,1.0,0.14,0.24,0.35,0.65,0.2,0.0,0.0,0.0,0.0,0.0,0.0,0.231456739418,1.0
0.170984120918,0.120562774351,1.55366409552,0.471428554083,0.254008638519,0.0485714280855,475720.0,750.368753679,895.0,69.0,0.34,0.66,0.98,0.7,0.51,0.42,0.43,0.6,1.0,0.61,0.26,0.25,0.41,0.54,0.14,0.21,0.36,0.31,0.0,0.0,0.0,0.0,0.0,0.0,0.29288525199,1.0
0.696485954946,0.984841413129,0.113346151042,1.19979682884,1.4940645158,0.753625839015,624300.0,991.091902675,3.0,77.0,0.01,0.26,0.59,0.63,1.0,0.64,0.61,0.56,0.97,0.56,0.51,0.42,0.78,0.43,0.41,0.37,0.2,0.0,0.0,0.0,0.0,0.0,0.0,0.0,0.316207726643,1.0
0.483941093678,0.195326377508,0.636535609219,0.266012803226,0.173811319521,0.13484291878,739620.0,959.917866606,3.0,37.0,0.56,0.48,0.5,0.54,0.76,1.0,0.42,0.48,0.61,0.6,0.26,0.35,0.59,0.45,0.07,0.1,0.28,0.32,0.0,0.0,0.0,0.0,0.0,0.0,0.275337860637,1.0
0.938603680643,1.29926172851,0.72374654081,0.664123689413,0.277200874241,0.223586442945,919248.0,550.575626124,2.0,109.0,0.0,0.02,0.03,0.0,0.02,0.08,0.07,0.07,0.18,0.33,0.42,0.5,0.82,0.99,0.54,0.86,1.0,0.69,0.0,0.0,0.0,0.0,0.0,0.0,0.348770658488,1.0
0.166934009504,0.263300233735,0.140200960972,0.308888891937,0.0772467489636,0.0592918635887,962540.0,184.150091599,2.0,13.0,0.0,0.0,0.62,0.56,0.0,0.0,0.72,0.89,0.0,0.0,0.6,1.0,0.0,0.0,0.0,0.0,0.0,0.0,0.0,0.0,0.0,0.0,0.0,0.0,0.326949017008,1.0
0.185478868192,0.475300694679,0.185079371589,0.410142836453,0.128855375005,0.211057623957,653936.0,1032.71720265,3.0,149.0,0.65,0.69,0.68,0.6,0.81,1.0,0.7,0.67,0.62,0.49,0.06,0.54,0.98,0.61,0.34,0.53,0.47,0.39,0.0,0.0,0.0,0.0,0.0,0.0,0.319548020648,1.0
0.235428557007,0.0934901967359,0.466273145447,0.27208740667,0.139578407481,0.187776692753,827768.0,875.189381188,120.0,155.0,0.0,0.0,0.0,0.0,0.01,0.13,0.19,0.14,0.15,0.27,0.02,0.15,0.72,1.0,0.0,0.0,0.0,0.0,0.0,0.0,0.0,0.0,0.0,0.0,0.240432191873,1.0
0.439851383176,0.287471807292,0.281723384692,0.0605787542995,0.12815628117,0.528547859386,870284.0,751.393141259,36.0,56.0,0.01,0.0,0.0,0.0,0.0,0.0,0.2,0.0,0.0,0.02,1.0,0.19,0.12,0.05,0.75,0.33,0.0,0.0,0.0,0.0,0.0,0.0,0.0,0.0,0.247307374536,1.0
0.231048082981,0.109602649539,0.0129775946402,0.0280519808542,0.100220898542,0.0132569994837,544124.0,739.540353875,2.0,29.0,0.21,0.43,0.4,0.3,0.73,0.78,0.38,0.38,0.98,1.0,0.55,0.49,0.83,0.89,0.5,0.69,0.59,0.59,0.0,0.0,0.0,0.0,0.0,0.0,0.324495334669,1.0
0.0755485281987,0.0770616989345,0.0210182138714,0.0493567386377,0.0157474281205,0.0129618777672,339548.0,1454.27228478,42.0,127.0,0.56,0.48,0.41,0.41,1.0,0.62,0.33,0.54,0.99,0.94,0.47,0.57,0.81,0.64,0.41,0.51,0.43,0.5,0.0,0.0,0.0,0.0,0.0,0.0,0.309842029643,1.0
0.0766893682295,0.0201358633031,0.0643960725159,0.139558403956,0.0418793658959,0.0367514527084,385632.0,1542.47002775,12.0,180.0,0.55,0.35,0.32,0.24,0.63,0.53,0.18,0.35,1.0,0.83,0.53,0.44,0.75,0.97,0.34,0.33,0.35,0.28,0.0,0.0,0.0,0.0,0.0,0.0,0.299816784331,1.0
0.242418401793,0.363613127041,0.358870339874,0.376436197586,0.36963169488,0.1809006579,1319728.0,666.904937847,2.0,122.0,0.0,0.04,0.03,0.04,1.0,0.93,0.16,0.88,0.62,0.57,0.48,0.08,0.63,0.32,0.11,0.08,0.1,0.16,0.0,0.0,0.0,0.0,0.0,0.0,0.326042931307,1.0
0.070278273249,0.110534803413,0.728178248411,0.500566069979,0.345134649711,0.0392948550224,588596.0,280.409670276,223.0,20.0,0.5,0.59,0.78,0.93,0.97,0.9,0.11,0.52,0.9,1.0,0.0,0.0,0.08,0.46,0.0,0.01,0.0,0.01,0.0,0.0,0.0,0.0,0.0,0.0,0.388583610337,1.0
0.267608101591,3.96580762093,0.642800943152,0.605333321657,0.264705540172,0.55240095407,690436.0,549.458758799,34.0,38.0,0.0,0.0,0.0,0.0,0.0,0.03,0.0,0.0,0.0,0.0,0.0,0.0,0.0,0.45,0.27,0.59,1.0,0.86,0.0,0.0,0.0,0.0,0.0,0.0,0.284116564498,1.0
0.306969417471,0.151077510604,0.334261055998,0.348615539646,0.0473020682138,0.0537741748652,414576.0,755.257659509,175.0,94.0,0.38,0.49,0.64,0.69,1.0,0.9,0.37,0.52,0.67,0.79,0.24,0.25,0.57,0.52,0.19,0.36,0.52,0.56,0.0,0.0,0.0,0.0,0.0,0.0,0.298429919188,1.0
0.340628364176,0.542730158756,0.0615316333865,0.0604056900653,0.167966871479,0.124831910589,483644.0,930.525320794,53.0,127.0,0.02,0.07,0.13,0.01,0.2,0.27,0.59,0.46,1.0,0.7,0.52,0.82,0.34,0.43,0.37,0.31,0.28,0.0,0.0,0.0,0.0,0.0,0.0,0.0,0.286380671291,1.0
0.385578878053,0.33269048474,0.299448356156,0.347009730552,0.349600923648,0.335771735697,802868.0,580.430357192,4.0,58.0,0.31,0.38,0.65,0.55,1.0,0.88,0.48,0.55,0.57,0.79,0.35,0.3,0.74,0.72,0.33,0.07,0.2,0.44,0.0,0.0,0.0,0.0,0.0,0.0,0.305245518213,1.0
0.155158736259,0.108571429855,0.419002197715,0.0792207819081,0.289869288495,0.245238106558,0.0,610.411352556,1.0,0.0,0.0,0.0,0.0,0.03,0.22,0.41,0.93,0.94,1.0,0.43,0.27,0.13,0.17,0.63,0.02,0.01,0.05,0.08,0.0,0.0,0.0,0.0,0.0,0.0,0.322524762185,1.0
0.420414977567,0.244867449007,0.157391040233,0.314719199308,0.163832988447,0.279283275856,1029732.0,987.035300406,14.0,131.0,0.0,0.38,0.47,0.19,0.28,0.7,1.0,0.42,0.83,0.1,0.35,0.45,0.37,0.0,0.02,0.02,0.03,0.0,0.0,0.0,0.0,0.0,0.0,0.0,0.288484726632,0.0
0.553164915754,0.598477700466,6.97326731989,1.11777779869,0.679920620285,0.0540989776586,462208.0,665.314691351,121.0,82.0,0.0,0.0,0.0,0.0,0.01,0.0,0.0,0.0,0.12,0.23,0.59,0.6,1.0,0.39,0.0,0.06,0.12,0.02,0.0,0.0,0.0,0.0,0.0,0.0,0.252914950571,0.0
1.60854427295,0.264039121653,0.323280054032,1.16516364091,0.0915269572257,0.669790100363,1048656.0,612.534631607,39.0,133.0,0.0,0.0,0.0,0.09,0.55,0.0,0.0,0.65,0.61,0.6,0.0,0.37,1.0,0.63,0.0,0.03,0.62,0.56,0.0,0.0,0.0,0.0,0.0,0.0,0.312209587279,0.0
0.0603393943209,0.480148626718,1.23421699513,0.410959687164,0.0876151156985,0.059953245125,531096.0,875.977364034,200.0,67.0,0.0,0.0,0.0,0.02,0.16,0.2,0.05,0.06,0.73,0.99,0.74,0.98,0.87,1.0,0.28,0.31,0.42,0.55,0.0,0.0,0.0,0.0,0.0,0.0,0.367782393392,0.0
0.0226343176862,0.278050000303,0.0339635820805,0.0884012094609,0.0700379755983,0.0518095201798,529520.0,1260.0030447,792.0,84.0,0.01,0.13,0.32,0.27,0.51,0.86,0.95,0.89,0.95,1.0,0.8,0.88,0.89,0.86,0.5,0.55,0.22,0.01,0.0,0.0,0.0,0.0,0.0,0.0,0.390220735254,0.0
0.170739082473,0.168749163757,0.197863461356,0.315008130822,0.110742287638,0.963914837192,799788.0,516.97735685,134.0,103.0,0.0,0.0,0.12,0.1,0.27,0.58,0.6,0.32,0.0,0.47,1.0,0.0,0.05,0.37,0.08,0.0,0.0,0.0,0.0,0.0,0.0,0.0,0.0,0.0,0.258956238259,0.0
0.201654346444,0.57967961047,0.287747862123,0.187352795532,0.11864211351,0.203536224997,675040.0,849.149987062,17.0,136.0,0.0,0.0,0.0,0.2,0.46,0.58,0.33,0.42,0.65,0.86,0.82,0.67,1.0,0.82,0.27,0.27,0.23,0.07,0.0,0.0,0.0,0.0,0.0,0.0,0.328776931723,0.0
0.145157501062,0.120056188343,0.359967300106,0.263263759607,0.578273999688,0.148526064097,958452.0,1217.54974225,288.0,96.0,0.0,0.0,0.0,0.08,0.09,0.13,0.02,0.04,0.44,0.39,0.18,0.26,1.0,0.93,0.73,0.91,0.9,0.9,0.0,0.0,0.0,0.0,0.0,0.0,0.369872350353,0.0
0.31796419194,0.193584982436,0.88569700693,0.451416323892,1.60286796709,0.28469015903,843528.0,643.568519718,31.0,108.0,0.0,0.0,0.42,1.0,0.54,0.19,0.04,0.5,0.44,0.57,0.0,0.0,0.24,0.14,0.0,0.0,0.01,0.0,0.0,0.0,0.0,0.0,0.0,0.0,0.262559186449,0.0
0.556619994969,0.106000901894,0.352090741249,0.229833110878,0.260556164732,0.290465383988,791588.0,1233.58846199,40.0,113.0,0.09,0.23,0.24,0.83,0.64,0.51,0.17,0.83,0.49,0.51,0.37,1.0,0.6,0.04,0.77,0.85,0.35,0.0,0.0,0.0,0.0,0.0,0.0,0.0,0.329583069954,0.0
0.0709266829769,0.274076366005,2.8548734913,0.533218210314,0.491999976819,0.490425827223,1043580.0,438.577829795,25.0,31.0,0.02,0.0,0.0,0.0,0.0,0.0,0.0,0.0,0.36,0.64,1.0,0.89,0.55,0.77,0.0,0.13,0.07,0.08,0.0,0.0,0.0,0.0,0.0,0.0,0.316740945236,0.0
0.527388271467,1.64724223653,0.773447784131,0.0793848521174,0.291567092182,0.379766908056,800760.0,968.790416676,29.0,106.0,0.06,0.0,0.12,0.08,0.34,0.55,0.14,0.18,1.0,0.86,0.48,0.41,0.34,0.41,0.19,0.17,0.16,0.16,0.0,0.0,0.0,0.0,0.0,0.0,0.26633279881,0.0
0.325922016035,0.0225342794818,0.10956796471,0.361760228488,0.191230479504,0.266479244278,803900.0,1436.32073392,61.0,123.0,0.03,0.11,0.38,0.02,0.64,0.44,0.33,0.36,0.57,1.0,0.19,0.24,0.32,0.99,0.05,0.01,0.63,0.87,0.0,0.0,0.0,0.0,0.0,0.0,0.323327963873,0.0
0.13348005604,0.0545052830219,0.105068648069,0.117764191339,0.127506229645,0.11703491322,683600.0,1119.60021841,26.0,96.0,0.39,0.52,0.4,0.39,0.8,1.0,0.48,0.46,0.45,0.45,0.26,0.47,0.2,0.27,0.05,0.04,0.06,0.05,0.0,0.0,0.0,0.0,0.0,0.0,0.269287898395,0.0
1.22116233218,1.24057218679,1.69873235235,0.17374765983,0.103310746733,0.595985521127,718300.0,771.572794303,17.0,88.0,0.0,0.0,0.0,0.0,0.14,0.11,0.08,0.09,0.46,0.24,0.31,0.51,1.0,0.75,0.21,0.26,0.53,0.36,0.0,0.0,0.0,0.0,0.0,0.0,0.265651387578,0.0
0.086237134895,0.149411935366,0.0433985571105,0.642341961369,0.0655588522195,0.0351027604539,898040.0,950.126136329,2.0,145.0,0.28,0.25,0.25,0.3,0.9,1.0,0.52,0.21,0.56,0.39,0.2,0.05,0.31,0.67,0.57,0.46,0.34,0.17,0.0,0.0,0.0,0.0,0.0,0.0,0.277781076369,0.0
0.618336140184,0.774580936581,1.21679069525,0.611748473878,0.548888884255,0.671467625632,865120.0,927.914068825,21.0,46.0,0.0,0.0,0.01,0.03,0.11,0.05,0.0,0.0,0.18,0.17,0.18,0.32,1.0,0.61,0.1,0.06,0.01,0.0,0.0,0.0,0.0,0.0,0.0,0.0,0.229473658014,0.0
0.255695961363,0.0605128199309,0.208717949363,0.437004237128,0.0608888965716,0.636024182883,1015212.0,447.322263269,25.0,134.0,0.0,0.18,1.0,0.88,0.12,0.03,0.3,0.3,0.11,0.0,0.01,0.04,0.0,0.0,0.0,0.0,0.0,0.0,0.0,0.0,0.0,0.0,0.0,0.0,0.26207207183,0.0
0.138222221164,0.782227213881,0.0563333355015,0.147022226224,0.100007742448,0.132196967566,725244.0,725.898106722,155.0,91.0,0.0,0.0,0.17,0.2,0.0,0.36,0.92,1.0,0.31,0.46,0.43,0.49,0.32,0.03,0.33,0.26,0.02,0.0,0.0,0.0,0.0,0.0,0.0,0.0,0.280429977396,0.0
0.012229363417,0.278620173947,0.0156561443137,0.101464167605,0.165135983647,0.0665481446215,716476.0,625.276858846,2.0,122.0,0.0,0.01,0.01,0.04,0.24,0.39,0.55,0.37,0.97,0.86,0.69,0.5,1.0,0.93,0.66,0.37,0.22,0.15,0.0,0.0,0.0,0.0,0.0,0.0,0.349149760927,0.0
0.185406866248,0.293711403423,0.273385276431,0.321567252296,0.569666049166,0.113352383519,717592.0,1285.66583254,148.0,118.0,0.17,0.06,0.41,0.4,0.12,0.18,0.97,1.0,0.01,0.14,0.42,0.4,0.15,0.14,0.2,0.31,0.11,0.0,0.0,0.0,0.0,0.0,0.0,0.0,0.271750689972,0.0
0.158666664263,0.215821282635,1.25228597286,0.478095218353,0.419698337905,0.26477919664,1060316.0,641.12898358,28.0,36.0,0.0,0.0,0.0,0.0,0.0,0.0,0.03,0.2,0.09,0.46,0.76,1.0,0.25,0.0,0.0,0.0,0.23,0.46,0.0,0.0,0.0,0.0,0.0,0.0,0.263043088992,0.0
0.253454881147,0.522141302676,0.132357405911,0.138252391259,0.202951514688,0.064646642578,652004.0,1200.40499943,119.0,119.0,0.05,0.06,0.05,0.1,0.22,0.12,0.21,0.53,1.0,0.77,0.28,0.74,0.57,0.57,0.09,0.55,0.88,0.42,0.0,0.0,0.0,0.0,0.0,0.0,0.314277997515,0.0
0.0901027920488,0.643856080654,0.538787164205,0.404307694297,0.128934777335,0.340048852376,888748.0,823.461603684,16.0,99.0,0.01,0.0,0.05,0.03,0.09,0.06,0.01,0.0,0.43,0.43,0.58,0.52,0.75,0.66,0.71,0.75,0.78,1.0,0.0,0.0,0.0,0.0,0.0,0.0,0.335669935436,0.0
0.348895784752,0.0452549022141,0.0499682527079,0.183316525741,0.0447655508466,0.236883114105,767576.0,834.894231218,12.0,132.0,0.0,0.0,0.0,0.01,0.01,0.0,0.06,0.09,0.02,0.0,0.25,0.3,0.78,1.0,0.59,0.79,0.4,0.77,0.0,0.0,0.0,0.0,0.0,0.0,0.3180187691,0.0
0.290540900018,0.0371327813386,0.23956031605,0.0416949427665,0.653768643777,0.456738091231,1015208.0,799.211786416,88.0,64.0,0.0,0.0,0.02,0.03,0.08,0.04,0.02,0.13,0.3,0.19,0.01,0.16,1.0,0.42,0.14,0.6,0.61,0.19,0.0,0.0,0.0,0.0,0.0,0.0,0.249648363815,0.0
0.0413756636146,0.829786074102,0.219181306898,0.0460784334298,0.234039219944,0.0146666644348,899056.0,430.412804993,6.0,22.0,0.0,0.0,0.06,0.21,1.0,0.61,0.59,0.77,0.57,0.24,0.17,0.13,0.05,0.14,0.14,0.05,0.0,0.0,0.0,0.0,0.0,0.0,0.0,0.0,0.281446844695,0.0
0.567936968291,0.0588340587765,0.645970515346,0.556606074931,0.343850037328,0.188230394767,619288.0,1044.33923862,80.0,0.0,0.92,0.82,0.42,0.85,0.74,1.0,0.2,0.18,0.45,0.66,0.05,0.18,0.15,0.22,0.0,0.36,0.02,0.0,0.0,0.0,0.0,0.0,0.0,0.0,0.337859890421,0.0
0.313670992463,0.0502112574482,0.193126231291,0.0646542323497,0.392883160557,0.0566153848871,866972.0,1153.24462375,24.0,131.0,0.0,0.08,0.16,0.03,0.0,0.23,0.31,0.1,0.03,0.13,0.19,0.19,0.0,0.34,0.25,1.0,0.12,0.0,0.0,0.0,0.0,0.0,0.0,0.0,0.209993386139,0.0
0.101550910985,0.128450519958,0.122890205708,0.940258243679,0.159136493149,0.522550408196,818424.0,1208.15179014,2.0,130.0,0.25,0.23,0.08,0.04,0.72,1.0,0.57,0.27,0.41,0.67,0.31,0.19,0.65,0.53,0.07,0.2,0.21,0.15,0.0,0.0,0.0,0.0,0.0,0.0,0.27508300515,0.0
0.0677332041972,0.350503221474,0.144604030265,0.105777776843,0.150770511476,0.126715218443,982756.0,1186.94015343,11.0,77.0,0.0,0.0,0.0,0.0,0.14,0.4,0.15,0.17,0.22,0.29,0.33,0.62,0.76,0.86,0.87,1.0,0.76,0.27,0.0,0.0,0.0,0.0,0.0,0.0,0.331159578854,0.0
0.24578023571,0.103492063152,0.0773593031084,0.180512815702,0.0172063493179,0.193575747768,613628.0,928.465130996,27.0,42.0,0.0,0.0,0.01,0.0,0.94,0.65,0.29,0.45,0.64,0.61,0.5,0.58,1.0,0.01,0.0,0.01,0.0,0.0,0.0,0.0,0.0,0.0,0.0,0.0,0.329905026316,0.0
0.138627950791,0.0541478627727,0.254285706245,0.253738512916,0.344527465962,0.152281798853,1023212.0,734.64448049,32.0,82.0,0.0,0.0,0.0,0.0,0.04,0.05,0.14,0.01,0.35,1.0,0.95,0.9,0.54,0.19,0.06,0.02,0.0,0.0,0.0,0.0,0.0,0.0,0.0,0.0,0.318714594984,0.0
0.0397777896822,0.150117797925,0.193102206102,0.267844840309,0.060045074193,0.0739103494453,438160.0,997.640450617,65.0,174.0,0.15,0.19,0.2,0.19,0.6,0.43,0.22,0.46,0.82,0.7,0.4,0.25,1.0,0.63,0.42,0.28,0.39,0.29,0.0,0.0,0.0,0.0,0.0,0.0,0.273332063005,0.0
0.0820183508798,0.316762861166,0.673442808115,0.516968965141,0.0658020783288,0.509916190636,1037896.0,565.817818272,16.0,78.0,0.0,0.0,0.0,0.0,0.08,0.0,0.0,0.0,0.47,0.44,0.09,0.18,0.53,1.0,0.48,0.54,0.56,0.21,0.0,0.0,0.0,0.0,0.0,0.0,0.269875228372,0.0
0.176423130428,0.979575867813,0.594661977623,0.864869789702,0.359781146833,0.242262276607,838364.0,890.411757289,62.0,56.0,0.0,0.0,0.0,0.0,0.31,0.75,1.0,0.53,0.43,0.7,0.46,0.64,0.47,0.31,0.0,0.0,0.0,0.0,0.0,0.0,0.0,0.0,0.0,0.0,0.305909391088,0.0
0.664708415954,0.148669722194,0.306544008589,0.716083677827,0.112497477771,0.118822869121,543820.0,1240.68484458,218.0,180.0,0.52,0.74,0.14,0.36,1.0,1.0,0.27,0.66,0.6,0.7,0.5,0.54,0.44,0.6,0.05,0.09,0.16,0.08,0.0,0.0,0.0,0.0,0.0,0.0,0.321998695218,0.0
0.163277332734,0.276758810281,0.0533481054867,0.103927049317,0.085818181278,0.079229101717,1081888.0,1043.72595662,47.0,149.0,0.0,0.05,0.0,0.0,0.13,0.61,0.73,0.31,0.65,1.0,0.46,0.51,0.29,0.3,0.11,0.11,0.13,0.05,0.0,0.0,0.0,0.0,0.0,0.0,0.281316350198,0.0
0.537220926242,0.514761142468,0.133184989835,0.831179422176,0.234904064607,1.05649419768,840064.0,732.025034756,35.0,33.0,0.0,0.0,0.0,0.0,0.05,0.03,0.0,0.01,0.46,0.28,0.31,0.57,0.89,1.0,0.12,0.31,0.53,0.42,0.0,0.0,0.0,0.0,0.0,0.0,0.291622615721,0.0
0.571452965137,0.569311570976,0.789308067479,0.452820539181,0.0848499360089,0.223833335148,973088.0,480.277547699,20.0,65.0,0.0,0.0,0.0,0.0,0.0,0.0,0.42,0.33,1.0,0.27,0.1,0.09,0.25,0.25,0.01,0.0,0.0,0.0,0.0,0.0,0.0,0.0,0.0,0.0,0.222966116011,0.0
0.144137398382,0.0753498804527,0.169511780532,0.0603699699304,0.211657828286,0.223010055031,1003016.0,1119.4611606,811.0,95.0,0.41,0.41,0.35,0.33,1.0,0.9,0.25,0.31,0.95,0.8,0.24,0.21,0.85,0.83,0.46,0.27,0.42,0.37,0.0,0.0,0.0,0.0,0.0,0.0,0.325269119346,0.0
0.09589102698,0.0760885392687,0.238172512917,0.126046421563,0.569847565728,0.238105298813,536832.0,1078.00491627,4.0,135.0,0.61,0.48,0.28,0.36,1.0,0.81,0.44,0.39,0.43,0.38,0.13,0.09,0.2,0.15,0.1,0.12,0.15,0.14,0.0,0.0,0.0,0.0,0.0,0.0,0.263215954852,0.0
0.126657547191,0.0752222249795,0.0492510853813,0.172956062852,0.609571382195,1.2987077174,1079012.0,870.936276289,6.0,104.0,0.06,0.07,0.05,0.07,0.61,0.41,0.25,0.36,0.73,0.69,0.05,0.74,0.92,0.92,0.01,0.47,0.97,1.0,0.0,0.0,0.0,0.0,0.0,0.0,0.367195641163,0.0
0.0789407426045,0.155147204838,0.157551141456,0.0970789990537,0.0903370188855,0.0514097288437,539344.0,1385.29621584,111.0,112.0,0.03,0.02,0.19,0.04,0.11,0.44,0.74,0.17,0.02,0.1,0.61,0.07,0.49,0.58,1.0,0.41,0.16,0.15,0.0,0.0,0.0,0.0,0.0,0.0,0.275196583776,0.0
0.438808690903,0.0687245578538,0.131978009534,0.227438601676,0.0292440219471,0.0562816979114,545236.0,1475.4334992,203.0,133.0,0.03,0.07,0.04,0.12,0.55,0.89,0.0,0.03,0.22,1.0,0.2,0.24,0.22,0.53,0.1,0.08,0.03,0.12,0.0,0.0,0.0,0.0,0.0,0.0,0.273233912305,0.0
0.0392200274956,0.0544073193762,0.0415768545225,0.103762560056,0.0376198029642,0.382970728446,1019268.0,744.945849561,100.0,140.0,0.08,0.15,0.13,0.22,0.39,0.43,0.16,0.24,0.39,0.5,0.26,0.38,0.63,1.0,0.42,0.39,0.36,0.3,0.0,0.0,0.0,0.0,0.0,0.0,0.237240721046,0.0
0.0888735637976,0.0388888926418,0.584254815725,0.114452207756,0.118865761405,0.0911111105463,1009624.0,468.599222172,3.0,70.0,0.0,0.01,0.03,0.09,0.04,0.1,0.32,0.54,0.44,0.02,0.24,1.0,0.37,0.13,0.01,0.27,0.03,0.02,0.0,0.0,0.0,0.0,0.0,0.0,0.235959918913,0.0
0.163634331644,0.0753578601168,0.0813327375275,0.172765387787,0.0619834177467,0.229030128301,514540.0,1229.66056388,97.0,126.0,0.0,0.0,0.04,0.42,0.2,0.6,0.15,0.92,0.97,1.0,0.12,0.16,0.75,0.6,0.09,0.19,0.08,0.03,0.0,0.0,0.0,0.0,0.0,0.0,0.33773345835,0.0
0.113452370131,0.195711386268,0.103381780465,0.21172535727,0.214793216661,0.308884458232,1063316.0,1177.33719713,2.0,95.0,0.04,0.19,0.36,0.51,0.66,0.3,1.0,0.08,0.86,0.32,0.59,0.61,0.48,0.27,0.36,0.3,0.09,0.08,0.0,0.0,0.0,0.0,0.0,0.0,0.285670507559,0.0
0.473737395214,0.815420643739,0.0833118217445,0.167689680584,0.00727272739068,0.172666672824,744136.0,525.719562602,43.0,146.0,0.0,0.0,0.0,0.57,0.59,0.11,0.0,1.0,0.33,0.04,0.07,0.84,0.14,0.02,0.24,0.52,0.07,0.11,0.0,0.0,0.0,0.0,0.0,0.0,0.286513706769,0.0
0.283242408944,0.194943493502,0.11808278326,0.181110725427,0.457254171713,0.174905197059,896104.0,690.7615427,3.0,97.0,0.01,0.08,0.7,0.52,0.13,0.14,0.67,0.59,0.04,0.02,0.61,0.68,0.01,0.02,1.0,0.81,0.0,0.01,0.0,0.0,0.0,0.0,0.0,0.0,0.327460769491,0.0
0.146610145344,0.16022858944,0.146744504172,0.258228423571,0.030987431006,0.114756081444,640816.0,776.93940818,3.0,116.0,0.0,0.0,0.21,0.56,0.33,0.12,0.42,1.0,0.65,0.22,0.4,0.67,0.5,0.14,0.0,0.0,0.0,0.0,0.0,0.0,0.0,0.0,0.0,0.0,0.279243770447,0.0
0.298897234929,0.279165788841,0.051155062193,0.377218782178,0.746174017203,0.445824144321,1008748.0,789.74960291,9.0,111.0,0.0,0.0,0.04,0.0,0.31,0.62,0.47,0.49,0.99,1.0,0.47,0.38,0.55,0.62,0.0,0.05,0.17,0.31,0.0,0.0,0.0,0.0,0.0,0.0,0.313494805468,0.0
0.165172373245,0.0466907966111,0.0611515233294,0.175468204491,0.270562831135,0.124944889035,714648.0,1105.3495108,106.0,150.0,0.1,0.0,0.0,0.03,0.01,0.05,0.63,0.0,0.04,0.66,0.91,0.8,0.09,1.0,0.16,0.29,0.23,0.42,0.0,0.0,0.0,0.0,0.0,0.0,0.318772602684,0.0
0.182215802008,0.0685560679963,0.0706608461896,0.0232330522583,0.0639532513303,0.0339543212936,594376.0,775.920598175,169.0,139.0,0.18,0.13,0.29,0.68,0.57,0.41,0.42,0.66,1.0,0.61,0.32,0.74,0.84,0.54,0.32,0.3,0.4,0.2,0.0,0.0,0.0,0.0,0.0,0.0,0.290377807061,0.0
0.802181615063,0.440781068012,0.75578586513,0.0990845366554,0.717883087758,0.454147136791,1017856.0,545.314739959,8.0,158.0,0.0,0.0,0.05,0.19,0.0,0.04,0.77,1.0,0.72,0.5,0.46,0.47,0.45,0.66,0.03,0.1,0.14,0.2,0.0,0.0,0.0,0.0,0.0,0.0,0.299345350538,0.0
0.0667023828077,0.124232097882,0.316214518585,0.221769835042,0.0171631635178,0.119447684707,785288.0,1113.9366475,4.0,150.0,0.82,1.0,0.31,0.17,0.21,0.58,0.54,0.0,0.05,0.0,0.52,0.16,0.1,0.0,0.33,0.32,0.25,0.09,0.0,0.0,0.0,0.0,0.0,0.0,0.275552160317,0.0
0.628240247483,0.0278787814988,0.598735483659,0.11781508201,0.219057038268,0.323380949343,1053264.0,1088.63077411,143.0,79.0,0.0,0.0,0.01,0.26,0.29,0.57,0.64,0.53,0.5,0.83,1.0,0.68,0.38,0.22,0.15,0.01,0.0,0.0,0.0,0.0,0.0,0.0,0.0,0.0,0.306097467683,0.0
0.294354808155,0.112241835186,0.576566852571,0.127649344351,0.120643540141,0.515077356843,987520.0,786.765268649,15.0,104.0,0.0,1.0,0.49,0.0,0.01,0.65,0.63,0.04,0.01,0.04,0.18,0.04,0.0,0.04,0.0,0.0,0.0,0.0,0.0,0.0,0.0,0.0,0.0,0.0,0.265384613449,0.0
0.426666673273,0.186666662494,0.282666670796,0.145460670154,0.699815583698,0.433580956677,962124.0,498.314359048,3.0,89.0,0.0,0.0,0.22,0.04,0.0,0.01,1.0,0.0,0.08,0.67,0.87,0.11,0.09,0.15,0.22,0.27,0.12,0.04,0.0,0.0,0.0,0.0,0.0,0.0,0.274757152874,0.0
0.424489843375,0.222264191213,0.103020756597,0.18935816763,0.11576412405,0.158368993425,825616.0,716.800237528,63.0,96.0,0.0,0.0,0.01,0.03,0.52,0.57,0.48,0.66,0.75,1.0,0.47,0.31,0.35,0.5,0.15,0.16,0.04,0.02,0.0,0.0,0.0,0.0,0.0,0.0,0.292573589983,0.0
0.097950682399,0.110076248681,0.156064933199,0.190364555439,0.107615097468,0.217873866769,529424.0,1437.773121,3.0,130.0,0.29,0.29,0.05,0.1,0.99,0.87,0.56,0.33,1.0,0.33,0.32,0.15,0.28,0.88,0.63,0.47,0.05,0.26,0.0,0.0,0.0,0.0,0.0,0.0,0.325774451201,0.0
1.11062379292,0.909872901012,0.72810462651,0.487225203877,0.96268536158,0.152947668981,887820.0,592.744598094,36.0,33.0,0.0,0.0,0.01,0.05,0.07,0.21,0.05,0.38,0.92,0.89,0.17,0.91,1.0,0.4,0.02,0.48,0.89,0.06,0.0,0.0,0.0,0.0,0.0,0.0,0.360246588001,0.0
0.505418081579,0.315709760186,0.432885302054,0.0808000016034,0.275560342256,0.344271692647,862488.0,660.136426444,13.0,96.0,0.0,0.0,0.0,0.0,0.01,0.03,0.07,0.02,0.35,0.68,0.24,0.52,0.65,0.53,0.45,0.28,0.82,1.0,0.0,0.0,0.0,0.0,0.0,0.0,0.305900026788,0.0
0.172116645397,0.040835620729,0.0700000007373,0.108937650699,0.0967583299349,0.0989335172983,591636.0,1264.98582288,26.0,133.0,0.07,0.09,0.0,0.0,0.0,0.0,0.36,0.4,0.12,0.14,0.89,1.0,0.73,0.05,0.05,0.09,0.17,0.01,0.0,0.0,0.0,0.0,0.0,0.0,0.287167380053,0.0
0.104355492284,0.0954088327452,0.0482528122154,0.456413169625,0.101958157369,0.117808054348,966900.0,951.827663619,10.0,43.0,0.0,0.31,0.35,0.25,0.26,0.9,1.0,0.65,0.47,0.16,0.0,0.01,0.4,0.37,0.55,0.36,0.4,0.57,0.0,0.0,0.0,0.0,0.0,0.0,0.288255950599,0.0
0.0262146598473,0.64867730613,0.150581721299,0.385438336354,0.453255373196,0.294354885126,877896.0,1021.36578658,2.0,83.0,0.18,0.17,0.38,0.43,0.78,0.66,0.56,0.58,1.0,0.73,0.33,0.48,0.76,0.73,0.44,0.3,0.47,0.42,0.0,0.0,0.0,0.0,0.0,0.0,0.293437481511,0.0
0.234999811101,0.961087422626,3.92771920369,0.482650693373,0.686204176413,0.250541279985,1256180.0,662.904566474,19.0,114.0,0.0,0.0,0.0,0.0,0.09,0.12,0.14,0.12,0.32,0.54,0.77,1.0,0.94,0.98,0.38,0.54,0.53,0.33,0.0,0.0,0.0,0.0,0.0,0.0,0.340742652974,0.0
0.400038482552,0.195220925885,0.146214256312,0.333184193466,1.15891029241,0.732979058111,1004864.0,449.605282614,2.0,93.0,0.0,0.0,0.0,0.01,0.06,0.03,0.08,0.09,0.03,0.03,0.66,0.56,0.0,0.43,1.0,0.99,0.32,0.0,0.0,0.0,0.0,0.0,0.0,0.0,0.307588909911,0.0
0.525157254629,0.0884600593247,0.150410116327,0.0972394905499,0.0100515540996,0.0532104165993,480444.0,1225.93805526,494.0,125.0,0.0,0.06,0.12,0.0,0.12,0.82,0.65,0.92,0.52,0.65,0.75,1.0,0.99,0.91,0.72,0.46,0.48,0.47,0.0,0.0,0.0,0.0,0.0,0.0,0.373415169602,0.0
0.0323444932631,0.0146031748146,0.0127289372392,0.109999992698,0.0316013550382,0.0778244645479,680348.0,1016.54085123,39.0,140.0,0.0,0.06,0.09,0.0,0.21,0.32,0.24,0.67,0.49,0.22,0.44,1.0,0.3,0.05,0.0,0.03,0.34,0.08,0.0,0.0,0.0,0.0,0.0,0.0,0.250281785638,0.0
0.764645065919,0.372307607759,0.331779200802,0.326363565886,0.10768864402,0.1881474186,925928.0,802.8153592,76.0,38.0,0.33,0.33,0.38,0.38,0.74,0.68,0.44,0.39,1.0,0.86,0.4,0.31,0.6,0.69,0.22,0.17,0.11,0.0,0.0,0.0,0.0,0.0,0.0,0.0,0.295578235084,0.0
0.263948082095,0.129046141876,0.0263309962237,0.204237740789,0.407622863506,0.254774269166,1106796.0,612.792201242,31.0,104.0,0.0,0.0,0.08,0.34,0.18,0.34,0.41,0.62,1.0,0.48,0.37,0.27,0.24,0.06,0.42,0.04,0.0,0.0,0.0,0.0,0.0,0.0,0.0,0.0,0.251809768917,0.0
0.115550849256,0.202176326203,0.140679088507,0.266810262288,0.0662263872317,0.616215538041,618808.0,978.733798956,104.0,180.0,0.18,0.36,0.25,0.26,0.93,1.0,0.62,0.59,0.98,0.91,0.34,0.22,0.42,0.09,0.01,0.0,0.0,0.0,0.0,0.0,0.0,0.0,0.0,0.0,0.347043064891,0.0
0.924977762202,0.335884052333,0.58693736802,0.706202115709,0.342658519615,0.270997328517,827052.0,644.570871119,44.0,48.0,0.0,0.03,0.0,0.78,0.34,0.0,0.02,1.0,0.26,0.0,0.0,0.79,0.84,0.12,0.21,0.37,0.15,0.0,0.0,0.0,0.0,0.0,0.0,0.0,0.311982627276,0.0
0.547456696047,0.257109353715,0.214864496832,0.274046772872,0.346419220037,0.158823173532,975608.0,682.970169469,2.0,104.0,0.0,0.0,0.0,0.13,0.06,0.0,0.0,0.3,0.44,0.2,0.16,0.63,1.0,0.58,0.46,0.48,0.51,0.55,0.0,0.0,0.0,0.0,0.0,0.0,0.277427417935,0.0
0.134787868903,0.0739999976671,0.219578937743,0.197647060607,0.260546029509,0.128531749219,641692.0,1306.40769802,14.0,137.0,0.0,0.17,0.17,0.26,0.21,0.34,0.28,0.18,0.34,0.88,0.49,0.67,1.0,0.43,0.13,0.17,0.11,0.39,0.0,0.0,0.0,0.0,0.0,0.0,0.270630693422,0.0
0.912500179782,0.240282421965,0.195185840897,0.0646498899174,0.571887942004,0.0447547073266,648120.0,583.662223332,40.0,92.0,0.0,0.05,0.06,0.0,0.31,0.11,0.01,0.61,0.4,0.29,0.12,0.66,1.0,0.02,0.0,0.0,0.03,0.0,0.0,0.0,0.0,0.0,0.0,0.0,0.259863412306,0.0
0.441340552943,0.238902932509,3.73946869136,0.0463071660698,0.109852445786,1.16946735441,744112.0,772.524620855,149.0,89.0,0.0,0.11,0.64,0.11,0.0,0.0,0.61,0.47,0.0,0.0,0.32,1.0,0.0,0.0,0.05,0.31,0.0,0.0,0.0,0.0,0.0,0.0,0.0,0.0,0.264715518162,0.0
0.170007792376,0.36429917713,0.648897556565,0.125210790962,0.066790994056,0.417604401411,597984.0,1331.89468105,47.0,137.0,0.1,0.08,0.03,0.08,0.25,0.84,0.03,0.14,0.32,0.76,0.28,0.16,0.39,0.64,1.0,0.73,0.12,0.0,0.0,0.0,0.0,0.0,0.0,0.0,0.304835736732,0.0
0.211778904132,0.11030550367,0.0291414117218,0.692827194434,0.110451360268,0.0318657606361,480420.0,853.354520714,99.0,180.0,0.84,0.7,0.32,0.28,0.5,1.0,0.1,0.01,0.16,0.37,0.06,0.01,0.47,0.54,0.35,0.0,0.03,0.02,0.0,0.0,0.0,0.0,0.0,0.0,0.292731389958,0.0
0.205411789088,0.182799280052,0.149695171799,0.0986023114588,0.180575034619,0.322524694875,953072.0,336.798122694,2.0,66.0,0.0,0.0,0.0,0.0,0.0,0.01,0.0,0.0,0.23,0.28,0.32,0.3,1.0,0.89,0.71,0.71,0.71,0.7,0.0,0.0,0.0,0.0,0.0,0.0,0.334625619993,0.0
0.148380166634,0.676451380051,0.299330459282,0.146018992495,0.0767637358537,0.0874121096182,823132.0,1122.61906827,24.0,58.0,0.19,0.35,0.27,0.16,0.65,1.0,0.4,0.38,0.29,0.89,0.91,0.58,0.27,0.67,0.03,0.09,0.03,0.0,0.0,0.0,0.0,0.0,0.0,0.0,0.31756451663,0.0
0.867111170163,0.195985439994,0.12587423887,0.115148440365,0.776716555924,0.660812445409,521692.0,1145.94105693,148.0,165.0,0.06,0.0,0.0,0.0,0.2,0.0,0.04,0.06,0.47,0.87,0.44,0.68,0.7,1.0,0.4,0.36,0.0,0.0,0.0,0.0,0.0,0.0,0.0,0.0,0.309609969693,0.0
0.300031758197,0.542759497879,0.707006577545,0.517248242863,0.919743062514,0.467223716821,575548.0,731.698992912,174.0,130.0,0.25,0.0,0.0,0.0,0.53,0.01,0.03,0.01,0.56,0.78,0.92,0.9,1.0,0.99,0.23,0.35,0.52,0.28,0.0,0.0,0.0,0.0,0.0,0.0,0.363440351212,0.0
0.557065264942,0.128358965269,0.0365429174862,0.14647148549,1.02371716515,0.0715035203303,853364.0,1394.61699154,10.0,180.0,0.23,0.14,0.1,0.25,1.0,0.53,0.37,0.56,0.47,0.35,0.4,0.45,0.49,0.41,0.61,0.23,0.47,0.48,0.0,0.0,0.0,0.0,0.0,0.0,0.249831887921,0.0
0.11920729862,0.46234300716,0.649183624883,0.26377141893,0.283681984184,0.154279129721,901744.0,803.806330851,2.0,29.0,0.0,0.0,0.0,0.0,0.54,0.57,0.54,0.65,0.8,0.85,0.8,0.82,1.0,0.86,0.0,0.01,0.01,0.01,0.0,0.0,0.0,0.0,0.0,0.0,0.377854873669,0.0
0.0552380877946,0.0666101800459,0.445406003243,0.401900987188,0.40687068259,1.38442808056,789732.0,457.708359662,2.0,43.0,0.0,0.0,0.0,0.0,0.0,0.0,0.0,0.08,0.18,0.24,0.27,0.83,0.88,1.0,0.9,0.52,0.48,0.86,0.0,0.0,0.0,0.0,0.0,0.0,0.357106426713,0.0
1.07350878599,0.736594531835,0.590400975962,0.179018671842,0.905828223493,1.06717925809,1043336.0,454.561384913,39.0,77.0,0.0,0.0,0.0,0.0,0.0,0.0,0.0,0.0,0.35,0.38,0.17,0.32,0.87,1.0,0.55,0.52,0.46,0.37,0.0,0.0,0.0,0.0,0.0,0.0,0.291475830425,0.0
0.0581336341254,0.163660058679,0.698953938775,0.696406465878,0.328863061821,0.0697143282781,667876.0,1096.44258963,6.0,107.0,0.65,0.46,0.82,0.55,0.47,1.0,0.11,0.88,0.86,0.63,0.06,0.59,0.77,0.62,0.0,0.0,0.04,0.01,0.0,0.0,0.0,0.0,0.0,0.0,0.357013071656,0.0
0.432297738729,0.338084691346,0.788380325455,0.204110390357,0.526851103617,0.238629953295,737116.0,648.517879895,12.0,68.0,0.0,0.0,0.0,0.0,0.0,0.0,0.0,0.0,0.0,0.05,0.25,0.38,0.25,0.32,0.76,1.0,0.69,0.3,0.0,0.0,0.0,0.0,0.0,0.0,0.277738886166,0.0
0.69430073492,0.296486768507,0.66287215959,1.42672017654,0.963025390903,1.12462954318,860576.0,498.760976264,17.0,98.0,0.0,0.0,0.0,0.0,0.0,0.05,0.5,0.07,0.38,0.7,0.26,0.89,1.0,0.68,0.0,0.01,0.07,0.06,0.0,0.0,0.0,0.0,0.0,0.0,0.310496633995,0.0
0.142399623382,0.134759312674,0.0981484761285,0.152051875589,0.460092588044,0.228587511252,608564.0,1314.91465669,91.0,135.0,0.28,0.37,0.29,0.42,0.47,0.65,0.79,1.0,0.6,0.39,0.82,0.77,0.56,0.31,0.17,0.25,0.19,0.1,0.0,0.0,0.0,0.0,0.0,0.0,0.296286917531,0.0
0.121108708595,0.586752478423,0.558716931472,0.454849216359,0.339852884106,0.240042334855,778860.0,1259.38010397,49.0,115.0,0.0,0.03,0.0,0.01,0.12,0.28,0.2,0.27,0.34,1.0,0.7,0.39,0.86,0.49,0.35,0.33,0.39,0.07,0.0,0.0,0.0,0.0,0.0,0.0,0.282569743112,0.0
0.0363109481235,0.0413394431617,0.112099242819,0.103949306139,0.232033074394,0.351861848807,569836.0,741.535235927,109.0,172.0,0.01,0.02,0.03,0.19,0.29,0.39,0.46,0.23,0.8,1.0,0.62,0.31,0.99,0.79,0.43,0.45,0.51,0.48,0.0,0.0,0.0,0.0,0.0,0.0,0.32107458462,0.0
0.935667902449,0.188370086542,0.116298299379,0.117826628271,0.731097968531,0.223189330538,1002628.0,489.407972701,2.0,82.0,0.0,0.07,0.49,0.4,0.0,0.17,0.35,0.42,0.06,0.2,0.28,0.47,0.06,0.34,0.86,1.0,0.3,0.0,0.0,0.0,0.0,0.0,0.0,0.0,0.272166909063,0.0
0.0872102518597,0.0369606298795,0.0422918572515,0.0240650827674,0.0560307072312,0.00819708353141,282456.0,854.669475797,148.0,145.0,0.37,0.41,0.28,0.31,0.67,0.66,0.47,0.51,1.0,0.94,0.56,0.66,0.89,0.65,0.4,0.41,0.32,0.26,0.0,0.0,0.0,0.0,0.0,0.0,0.303678546694,0.0
0.614258952047,0.229686830827,1.05163961669,0.298845237356,0.0771936541293,0.13761361535,982088.0,686.022042769,3.0,124.0,0.0,0.0,0.02,0.0,0.0,0.0,0.01,0.03,0.0,0.1,0.02,0.31,0.47,1.0,0.49,0.56,0.7,0.57,0.0,0.0,0.0,0.0,0.0,0.0,0.283881822047,0.0
0.686626968444,0.231207719463,0.622389420314,0.149048723829,0.672080051858,0.178045203358,895476.0,297.891273615,3.0,180.0,0.07,0.33,0.71,0.59,0.06,0.41,0.78,0.48,0.14,0.32,1.0,0.91,0.65,0.17,0.83,0.34,0.26,0.0,0.0,0.0,0.0,0.0,0.0,0.0,0.325959853953,0.0
0.416232065374,0.306467191194,0.641102519264,0.494674605059,0.248133038556,0.115005107314,823572.0,638.628576879,39.0,171.0,0.0,0.0,0.0,0.22,0.39,0.59,0.0,0.05,0.41,0.64,0.23,0.38,1.0,0.63,0.11,0.35,0.13,0.37,0.0,0.0,0.0,0.0,0.0,0.0,0.270106717593,0.0
0.128537480899,0.143742853241,0.407486793196,0.0932462167087,0.195047311713,0.163827128681,0.0,1104.44409586,1.0,0.0,0.08,0.29,0.35,0.25,0.68,0.37,0.54,0.52,1.0,0.42,0.78,0.57,0.74,0.24,0.4,0.33,0.11,0.06,0.0,0.0,0.0,0.0,0.0,0.0,0.284794943288,0.0
0.277546229356,0.739191872055,0.268327243477,0.0366045447787,0.16595412327,0.135880514516,664696.0,1174.17320565,4.0,154.0,0.11,0.23,0.44,0.5,0.45,0.35,0.43,0.49,0.81,0.72,0.54,0.57,1.0,0.9,0.38,0.26,0.43,0.29,0.0,0.0,0.0,0.0,0.0,0.0,0.291560695034,0.0
0.752999514175,0.12923763915,0.185156136857,0.420644855685,0.604599216489,0.271774439586,896212.0,897.193330627,2.0,113.0,0.03,0.13,0.35,0.28,0.26,0.26,0.46,0.46,0.31,0.05,0.23,0.51,1.0,0.39,0.56,0.31,0.14,0.27,0.0,0.0,0.0,0.0,0.0,0.0,0.23655513804,0.0
0.163960155456,1.2300472817,2.05753339897,0.0710898090625,0.0719073043303,0.041484242319,1052812.0,967.033123684,2.0,89.0,0.0,0.0,0.01,0.01,0.06,0.01,0.09,0.07,0.39,0.53,0.64,1.0,0.86,0.67,0.12,0.05,0.0,0.04,0.0,0.0,0.0,0.0,0.0,0.0,0.303032990045,0.0
0.161151841112,0.0441606557259,0.209814532749,0.162359219495,0.0937795385931,0.134715142618,545920.0,1056.33079663,58.0,52.0,0.0,0.04,0.42,0.23,0.3,0.24,0.83,1.0,0.99,0.9,0.36,0.61,0.89,0.55,0.0,0.0,0.0,0.0,0.0,0.0,0.0,0.0,0.0,0.0,0.364961946266,0.0
0.151387713097,0.18403929432,3.40146443082,0.35103101743,0.128405050972,0.504842233488,692224.0,587.176548101,71.0,86.0,0.0,0.0,0.0,0.0,0.0,0.01,0.01,0.12,0.1,0.03,0.05,0.13,0.67,1.0,0.69,0.79,0.87,0.88,0.0,0.0,0.0,0.0,0.0,0.0,0.349564957801,0.0
0.07265533821,0.0580431192803,0.153182651471,0.303520538392,0.627646303713,0.244122225025,927204.0,675.014971948,29.0,100.0,0.0,0.0,0.01,0.0,0.0,0.0,1.0,0.81,0.0,0.13,0.44,0.51,0.12,0.14,0.11,0.05,0.07,0.0,0.0,0.0,0.0,0.0,0.0,0.0,0.266259780728,0.0
0.354356181673,0.371111105631,0.140820080404,0.264000016489,0.259689457187,0.288903032577,704108.0,736.120312637,35.0,133.0,0.0,0.0,0.0,0.12,0.21,0.0,0.03,0.47,0.22,0.0,0.0,0.51,0.26,0.0,0.0,0.18,1.0,0.8,0.0,0.0,0.0,0.0,0.0,0.0,0.268260859778,0.0
0.457376885487,0.428655436236,0.465584446451,0.188390113443,0.51927165824,0.304193488577,930812.0,657.652266078,2.0,99.0,0.0,0.0,0.0,0.0,0.08,0.08,0.12,0.07,0.32,0.52,0.4,0.4,0.91,1.0,0.53,0.53,0.57,0.25,0.0,0.0,0.0,0.0,0.0,0.0,0.296520329076,0.0
0.199542063948,0.469705948673,0.225474433276,0.313904757162,0.0684548605556,0.22127535463,633736.0,702.186686313,192.0,155.0,0.01,0.27,0.22,0.24,0.26,0.38,0.67,0.75,0.94,0.96,0.9,0.89,1.0,0.11,0.0,0.0,0.0,0.0,0.0,0.0,0.0,0.0,0.0,0.0,0.377223040418,0.0
0.665579415988,0.386731880246,0.287754810797,0.78439174106,0.385955239616,0.597083721963,821832.0,555.256764903,6.0,106.0,0.0,0.0,0.0,0.0,0.33,0.29,0.35,0.33,1.0,0.91,0.62,0.42,0.85,0.9,0.24,0.21,0.19,0.17,0.0,0.0,0.0,0.0,0.0,0.0,0.327882251477,0.0
0.288638812248,1.34812932129,1.31709743644,0.0634575644283,0.546285877664,0.0193589988891,936128.0,611.940030378,216.0,104.0,0.11,0.12,0.04,0.09,0.53,0.58,0.34,0.29,0.78,0.86,0.76,0.62,0.47,1.0,0.61,0.58,0.67,0.54,0.0,0.0,0.0,0.0,0.0,0.0,0.32052013934,0.0
1.6433683915,1.90239627505,0.397033392392,0.355296107425,0.408439820445,0.236441458148,813948.0,767.298063105,19.0,117.0,0.0,0.0,0.0,0.0,0.07,0.03,0.02,0.03,0.59,1.0,0.64,0.76,0.76,0.85,0.15,0.14,0.14,0.07,0.0,0.0,0.0,0.0,0.0,0.0,0.326640889714,0.0
0.489281050437,0.445908103271,3.25264739181,1.03256866102,0.509045146742,1.11960840874,985432.0,679.377866137,7.0,0.0,0.71,0.52,0.07,0.49,0.4,1.0,0.28,0.73,0.3,0.95,0.09,0.37,0.01,0.64,0.08,0.08,0.0,0.38,0.0,0.0,0.0,0.0,0.0,0.0,0.315883900965,0.0
0.08694494832,0.163945100398,0.122378195187,0.182384021237,0.0584016885371,0.212259201406,713928.0,1055.67698895,45.0,119.0,0.37,0.66,1.0,0.53,0.29,0.71,0.45,0.48,0.19,0.29,0.16,0.16,0.12,0.07,0.1,0.1,0.02,0.0,0.0,0.0,0.0,0.0,0.0,0.0,0.268626909796,0.0
0.280586986558,0.368095841881,0.710052682297,0.218792535172,0.725269216105,0.305693989137,359276.0,966.234678642,17.0,97.0,0.09,0.38,0.35,0.22,0.26,0.32,0.3,0.14,0.66,0.62,0.49,0.46,0.85,1.0,0.23,0.44,0.39,0.52,0.0,0.0,0.0,0.0,0.0,0.0,0.27255988129,0.0
0.578709667116,0.0667757494685,0.271732098176,0.390239866515,0.150915973816,0.210308994916,1117032.0,1233.71214665,67.0,88.0,0.05,0.06,0.02,0.01,0.19,0.17,0.43,0.23,1.0,0.69,0.76,0.41,0.59,0.16,0.09,0.03,0.37,0.27,0.0,0.0,0.0,0.0,0.0,0.0,0.277601020151,0.0
0.814818758945,1.38366285591,0.465139279288,0.596262729551,0.704708772766,0.480697460855,961088.0,748.680198521,2.0,43.0,0.0,0.0,0.0,0.0,0.0,0.0,0.0,0.08,0.1,0.47,0.56,1.0,0.57,0.38,0.0,0.0,0.0,0.0,0.0,0.0,0.0,0.0,0.0,0.0,0.258532181534,0.0
0.422754916974,0.79556605672,1.57264947868,0.500185111986,0.327852767078,0.297708879492,609484.0,850.352747889,6.0,83.0,0.05,0.0,0.0,0.0,0.21,0.34,0.34,0.29,0.58,0.73,0.57,0.6,0.53,1.0,0.12,0.12,0.17,0.01,0.0,0.0,0.0,0.0,0.0,0.0,0.282841484856,0.0
0.270543416303,0.106989498971,0.187039940203,0.969810104853,0.423411202779,0.241600178816,992672.0,822.299230554,2.0,104.0,0.0,0.0,0.05,0.07,0.27,0.05,0.07,0.06,1.0,0.67,0.28,0.09,0.56,0.88,0.65,0.35,0.2,0.21,0.0,0.0,0.0,0.0,0.0,0.0,0.295920175047,0.0
1.72823002217,2.69705968104,3.16679494063,0.946020390531,1.13091115872,1.29836083181,921496.0,706.145969954,4.0,41.0,0.0,0.0,0.0,0.0,0.0,0.0,0.0,0.0,0.32,0.71,1.0,0.5,0.27,0.2,0.0,0.0,0.0,0.0,0.0,0.0,0.0,0.0,0.0,0.0,0.25774664563,0.0
0.310300358102,0.13057794725,0.35761510672,0.271228057271,0.0984576582291,0.373513511132,919580.0,730.66073273,75.0,123.0,0.0,0.0,0.26,0.69,0.75,0.53,0.26,0.83,0.16,0.27,0.31,1.0,0.34,0.29,0.89,0.08,0.2,0.0,0.0,0.0,0.0,0.0,0.0,0.0,0.317252747121,0.0
0.176848424714,0.0214912271316,0.131436831634,0.0807217920554,0.154133437263,0.206533191884,786976.0,1420.03108473,116.0,143.0,0.08,0.38,0.54,0.21,0.36,0.71,0.36,0.37,0.2,0.57,0.62,0.72,1.0,0.79,0.32,0.57,0.12,0.0,0.0,0.0,0.0,0.0,0.0,0.0,0.296268459341,0.0
0.175593399945,0.315163860304,0.16168829924,0.0366666677097,0.347006987001,0.027495306114,695024.0,918.437308628,164.0,174.0,0.24,0.26,0.27,0.79,0.37,1.0,0.15,0.21,0.31,0.2,0.15,0.18,0.5,0.19,0.02,0.15,0.0,0.75,0.0,0.0,0.0,0.0,0.0,0.0,0.267346788938,0.0
0.358315293824,0.62104453483,2.20304263447,0.552212907044,1.04224079366,1.40847269047,582312.0,284.709006594,118.0,20.0,0.0,0.0,0.35,0.15,0.0,0.0,1.0,0.81,0.0,0.0,0.0,0.0,0.0,0.0,0.0,0.0,0.0,0.0,0.0,0.0,0.0,0.0,0.0,0.0,0.256479571961,0.0
0.0900764502873,0.986853434113,0.426611248028,0.0440018019223,0.125690472291,0.0294947228558,776956.0,1168.22445057,19.0,106.0,0.0,0.0,0.0,0.0,0.21,0.73,0.62,0.81,0.76,0.58,0.72,0.77,1.0,0.63,0.23,0.38,0.47,0.23,0.0,0.0,0.0,0.0,0.0,0.0,0.338500574429,0.0
0.146149575073,0.509501102902,0.265578333783,1.30998852427,0.264881516641,0.0647155236413,751568.0,1045.86758927,62.0,96.0,0.01,0.05,0.04,0.72,0.74,0.07,0.5,0.85,0.78,0.06,0.76,0.96,1.0,0.11,0.08,0.39,0.64,0.03,0.0,0.0,0.0,0.0,0.0,0.0,0.365797976651,0.0
0.356684305081,0.0616057860852,0.0260894439751,0.0518989155718,0.0187376401918,0.0876520018612,629620.0,1225.52428868,132.0,69.0,0.03,0.0,0.23,0.59,0.47,0.04,0.45,0.45,0.42,0.03,0.49,0.34,0.62,0.27,0.5,1.0,0.52,0.3,0.0,0.0,0.0,0.0,0.0,0.0,0.268612367859,0.0
0.0322689079903,0.0264848475573,0.0601403511794,0.0606666673223,0.102380954464,0.0720238027674,861980.0,631.549061215,165.0,81.0,0.0,0.0,0.0,0.0,0.0,0.37,0.76,0.89,0.91,0.41,0.88,0.97,1.0,0.2,0.14,0.2,0.16,0.21,0.0,0.0,0.0,0.0,0.0,0.0,0.370077882194,0.0
0.116888895079,0.204947938176,0.14479531407,0.357161889878,0.807709867141,0.498155300769,962520.0,254.454315642,26.0,34.0,0.04,0.1,0.07,0.12,0.1,0.08,0.09,0.09,0.15,0.09,0.04,0.17,1.0,0.44,0.6,0.46,0.44,0.64,0.0,0.0,0.0,0.0,0.0,0.0,0.255337467329,0.0
0.188999003396,0.0580501670321,0.0748966519425,0.188036552868,0.0892321465921,0.0787272955093,1027872.0,300.875903427,22.0,137.0,0.0,0.0,0.0,0.0,0.0,0.0,0.51,0.21,0.25,0.37,0.25,0.01,1.0,0.45,0.0,0.0,0.0,0.0,0.0,0.0,0.0,0.0,0.0,0.0,0.239886764375,0.0
0.339396823354,0.669340898499,0.374590798448,0.513934533913,0.792364888495,1.05535065971,1051852.0,511.823824484,35.0,72.0,0.0,0.0,0.0,0.0,0.44,0.51,0.2,0.03,0.77,0.94,0.36,0.16,0.86,1.0,0.51,0.55,0.54,0.56,0.0,0.0,0.0,0.0,0.0,0.0,0.337484310335,0.0
0.262478665918,0.388819209148,0.212166558496,0.398046068131,0.587660310185,0.511621153716,1025456.0,468.462859891,2.0,46.0,0.0,0.0,0.0,0.0,0.0,0.0,0.0,0.0,0.41,0.37,0.81,0.85,1.0,0.95,0.95,0.55,0.43,0.38,0.0,0.0,0.0,0.0,0.0,0.0,0.367989092532,0.0
0.0111179913611,0.0445887438384,0.154997981628,0.219159516054,0.0476594504932,0.0167238098071,509156.0,1517.80273986,60.0,154.0,0.18,0.48,0.27,0.38,0.42,0.44,0.42,0.57,0.62,0.46,0.31,0.67,0.99,1.0,0.13,0.18,0.25,0.32,0.0,0.0,0.0,0.0,0.0,0.0,0.285751628264,0.0
0.589110099655,0.170300820719,0.547542142929,0.353762240691,0.213220966508,0.149793661658,825360.0,784.43137271,5.0,103.0,0.0,0.0,0.1,0.08,0.06,0.17,0.42,0.46,0.69,0.86,0.57,0.72,0.94,1.0,0.59,0.75,0.84,0.83,0.0,0.0,0.0,0.0,0.0,0.0,0.367952291593,0.0
0.0918571422074,0.172316319314,1.03179487713,0.670580321523,0.230978334532,0.259078303137,659676.0,607.350056392,18.0,96.0,0.0,0.0,0.0,0.08,1.0,0.19,0.05,0.03,0.62,0.68,0.18,0.15,0.26,0.32,0.06,0.11,0.53,0.91,0.0,0.0,0.0,0.0,0.0,0.0,0.297811170132,0.0
0.503945804115,0.109563802336,0.25829923269,0.347073670869,0.819284271074,0.80290814081,720904.0,757.632431644,33.0,180.0,0.0,0.0,0.0,0.0,0.12,0.17,0.02,0.0,0.57,1.0,0.45,0.01,0.57,0.6,0.54,0.05,0.01,0.0,0.0,0.0,0.0,0.0,0.0,0.0,0.277373281878,0.0
0.209433249528,0.183923256528,0.188051945936,0.218796420076,0.210207973184,0.221318005147,811124.0,426.303940767,6.0,79.0,0.0,0.0,0.0,0.0,0.0,0.1,0.0,0.0,0.51,0.73,0.41,0.62,1.0,0.94,0.8,0.76,0.71,0.94,0.0,0.0,0.0,0.0,0.0,0.0,0.381233378508,0.0
0.135964937635,0.252388370873,0.0359922094011,1.05124573293,0.0934578757571,0.308172559343,1057436.0,1070.562539,89.0,180.0,0.22,1.0,0.37,0.45,0.4,0.06,0.18,0.64,0.29,0.01,0.1,0.27,0.14,0.1,0.0,0.01,0.0,0.0,0.0,0.0,0.0,0.0,0.0,0.0,0.245045347277,0.0
0.586701494087,0.333058128116,0.127989395031,0.491765509762,0.65769066885,0.65100288427,917396.0,751.716110538,41.0,20.0,0.0,0.0,0.0,0.0,0.24,0.18,0.33,0.11,0.62,0.46,0.35,0.29,1.0,0.92,0.57,0.57,0.53,0.62,0.0,0.0,0.0,0.0,0.0,0.0,0.306464777295,0.0
0.080511578599,0.0769995923864,0.0488169387773,0.0804992818077,0.533536387943,0.057945505266,733844.0,1018.16939768,48.0,109.0,0.17,0.07,0.0,0.0,0.95,0.33,0.02,0.53,1.0,0.3,0.31,0.3,0.59,0.11,0.05,0.14,0.09,0.02,0.0,0.0,0.0,0.0,0.0,0.0,0.285777448375,0.0
0.607822323535,0.447133010341,0.667709120926,0.0340622059778,0.376284511267,0.0762084977742,619540.0,498.112822018,28.0,135.0,0.0,0.0,0.2,0.17,0.0,0.0,0.67,0.67,0.0,0.16,1.0,0.84,0.07,0.13,0.54,0.5,0.23,0.0,0.0,0.0,0.0,0.0,0.0,0.0,0.302502295675,0.0
1.27231183552,0.37017824894,0.126686367236,0.0596551237655,0.175888243794,0.110844592608,656004.0,1221.37726214,51.0,162.0,0.0,0.0,0.0,0.0,0.14,0.29,0.36,0.37,0.59,0.7,0.54,0.61,1.0,0.9,0.43,0.39,0.58,0.33,0.0,0.0,0.0,0.0,0.0,0.0,0.308643706399,0.0
0.177522282947,0.76739123455,0.351139577304,0.187699001333,0.0999334774955,0.0768971691107,206408.0,1114.21075969,35.0,0.0,0.0,0.03,0.08,0.03,0.31,0.13,0.49,0.18,0.71,0.73,0.56,0.48,1.0,0.94,0.3,0.31,0.35,0.36,0.0,0.0,0.0,0.0,0.0,0.0,0.306910851606,0.0
0.479999996722,0.0295238128112,0.559084943289,0.427272733516,0.0027705615866,0.295761941347,447860.0,620.113538098,406.0,35.0,0.0,0.0,0.04,0.36,0.91,0.03,0.04,0.62,1.0,0.07,0.1,0.2,0.61,0.58,0.08,0.52,0.89,0.15,0.0,0.0,0.0,0.0,0.0,0.0,0.329098094123,0.0
0.390778401711,0.299194337958,0.546814366964,0.369194824849,0.722080357134,0.573773587867,987924.0,927.519412178,33.0,66.0,0.0,0.0,0.03,0.75,1.0,0.32,0.02,0.31,0.33,0.12,0.03,0.01,0.0,0.0,0.03,0.0,0.0,0.0,0.0,0.0,0.0,0.0,0.0,0.0,0.252066115114,0.0
0.178023301842,0.422086824761,0.444089050358,0.363438955896,0.412228169328,0.287465914861,555928.0,653.787251343,2.0,15.0,0.0,0.0,0.0,0.0,0.74,0.71,0.47,0.24,0.78,1.0,0.77,0.72,0.57,0.6,0.04,0.06,0.02,0.0,0.0,0.0,0.0,0.0,0.0,0.0,0.345132824673,0.0
0.157591076187,0.365324436723,0.289473792114,0.360011356061,0.290281653467,0.406559257928,981796.0,743.814524745,5.0,100.0,0.0,0.0,0.0,0.0,1.0,0.68,0.64,0.7,0.53,0.14,0.15,0.26,0.31,0.28,0.0,0.0,0.0,0.0,0.0,0.0,0.0,0.0,0.0,0.0,0.289438812858,0.0
0.549645993515,0.504896435527,0.176604409655,0.0678605384467,0.811950839122,0.124545459543,1049224.0,1186.27721779,100.0,115.0,0.52,0.38,0.24,0.26,0.3,1.0,0.39,0.51,0.77,0.29,0.28,0.23,0.99,0.19,0.02,0.0,0.51,0.06,0.0,0.0,0.0,0.0,0.0,0.0,0.297488328436,0.0
0.0690999156581,0.880782631038,1.12219126572,0.462660647119,0.236634925739,0.079845162743,565188.0,350.663528523,2.0,63.0,0.0,0.0,0.0,0.0,0.0,0.0,0.21,0.33,0.42,0.52,1.0,0.88,0.72,0.75,0.76,0.24,0.11,0.07,0.0,0.0,0.0,0.0,0.0,0.0,0.329285579787,0.0
0.419679851262,0.853235742972,0.88212631574,0.82384970918,0.144289860021,0.19253653895,789960.0,988.284167522,39.0,72.0,0.0,0.0,0.0,0.0,0.05,0.01,0.39,0.34,0.11,0.26,1.0,0.96,0.53,0.84,0.95,0.9,0.73,0.27,0.0,0.0,0.0,0.0,0.0,0.0,0.372580155433,0.0
0.268400256721,0.223103531032,0.207971984715,0.210041106596,0.12662264319,0.306907977253,848392.0,763.501199754,2.0,29.0,0.0,0.0,0.0,0.0,0.27,0.49,0.02,0.0,0.82,1.0,0.68,0.98,0.8,0.88,0.03,0.06,0.02,0.01,0.0,0.0,0.0,0.0,0.0,0.0,0.370689110532,0.0
0.258872155442,0.187773569097,0.1882733548,0.150468265411,0.236895740873,0.0611812726183,542600.0,885.141895752,61.0,112.0,0.24,0.21,0.17,0.24,0.69,0.64,0.38,0.5,0.82,0.96,0.47,0.39,0.8,1.0,0.45,0.21,0.38,0.51,0.0,0.0,0.0,0.0,0.0,0.0,0.309989919191,0.0
0.753752753887,0.0486790441159,0.158768962346,0.503847935057,0.127111679857,0.142376540694,736484.0,910.729055649,39.0,94.0,0.0,0.05,0.44,0.96,0.06,0.09,0.34,0.87,0.04,0.1,0.21,1.0,0.19,0.18,0.02,0.54,0.24,0.01,0.0,0.0,0.0,0.0,0.0,0.0,0.308737347919,0.0
0.141849149167,0.263272737778,0.51394763212,0.136513878357,0.91946769551,0.608999990204,679924.0,633.265206188,16.0,84.0,0.0,0.0,0.0,0.0,0.22,0.12,0.01,0.0,0.51,0.8,0.91,0.55,0.55,1.0,0.23,0.15,0.04,0.0,0.0,0.0,0.0,0.0,0.0,0.0,0.315805572659,0.0
0.282336011608,1.02390207541,0.798369258932,0.773697876892,0.212701870786,0.186848330533,720004.0,624.022355621,77.0,103.0,0.26,0.63,0.66,0.48,0.63,1.0,0.67,0.64,0.55,1.0,0.62,0.63,0.76,0.84,0.75,0.56,0.31,0.09,0.0,0.0,0.0,0.0,0.0,0.0,0.330273455724,0.0
0.314280265294,0.231635835105,0.265572754062,0.231432224112,0.374299686817,0.567596274881,778236.0,588.87192675,3.0,60.0,0.0,0.0,0.0,0.0,0.06,0.07,0.1,0.1,0.35,0.42,0.32,0.38,1.0,0.91,0.28,0.17,0.14,0.33,0.0,0.0,0.0,0.0,0.0,0.0,0.269636779864,0.0
0.0123076967939,0.0519999974966,0.260043960418,0.208571420264,0.238597391937,0.0195959573461,1092732.0,744.066606143,32.0,128.0,0.1,0.0,0.0,0.13,0.72,0.0,0.0,0.3,1.0,0.34,0.01,0.02,0.53,0.43,0.5,0.12,0.15,0.2,0.0,0.0,0.0,0.0,0.0,0.0,0.264692890703,0.0
0.0956467372427,0.0668451852866,0.792498662739,0.0653723867099,0.172154639976,0.269930054987,810168.0,825.374408863,10.0,107.0,0.0,0.0,0.0,0.0,0.1,0.0,0.07,0.0,0.37,0.35,0.46,0.44,0.92,1.0,0.67,0.7,0.71,0.69,0.0,0.0,0.0,0.0,0.0,0.0,0.335124355029,0.0
0.186490595432,0.738319609497,0.202897640161,0.526561397899,0.462047453228,0.72404015906,1017196.0,942.651393092,62.0,117.0,0.0,0.0,0.0,0.0,0.0,0.03,0.21,0.22,0.12,0.33,0.62,0.49,0.61,1.0,0.61,0.37,0.34,0.33,0.0,0.0,0.0,0.0,0.0,0.0,0.272733080746,0.0
0.671702454172,0.488574678374,0.219436139466,0.561387916881,0.391464636088,0.275081607199,737316.0,873.993707149,33.0,144.0,0.0,0.0,0.0,0.02,0.01,0.17,0.11,0.48,0.82,0.82,0.44,0.4,0.96,1.0,0.6,0.58,0.53,0.47,0.0,0.0,0.0,0.0,0.0,0.0,0.341702996036,0.0
0.0635143183282,0.0609713796547,0.404983011265,0.271090556111,0.125167351498,0.334117954634,758992.0,1077.95574802,21.0,144.0,1.0,0.41,0.18,0.24,0.68,0.3,0.06,0.35,0.62,0.2,0.1,0.18,0.78,0.57,0.07,0.04,0.06,0.01,0.0,0.0,0.0,0.0,0.0,0.0,0.282913598412,0.0
0.108444442817,0.0969969577149,0.0807361731023,0.0729103774099,0.0346666661898,0.441848000569,586888.0,822.903413938,95.0,143.0,0.0,0.0,0.01,0.01,0.09,0.0,0.66,0.61,0.53,0.01,1.0,0.89,0.23,0.26,0.0,0.0,0.28,0.57,0.0,0.0,0.0,0.0,0.0,0.0,0.310093791815,0.0
1.02485943621,1.07324485855,1.09509761339,0.826754681031,0.685092869429,0.254004111795,588496.0,614.89594703,43.0,104.0,0.0,0.0,0.0,0.0,0.0,0.01,0.07,0.13,0.62,0.65,0.65,0.58,1.0,0.92,0.48,0.74,0.53,0.51,0.0,0.0,0.0,0.0,0.0,0.0,0.340042634173,0.0
0.756917851481,0.195092816648,0.259293511935,0.131555781146,0.200244986362,0.289589000632,1023044.0,628.613941414,54.0,86.0,0.15,0.44,0.7,0.28,0.38,0.79,0.52,0.5,0.58,1.0,0.72,0.31,0.52,0.43,0.38,0.41,0.45,0.5,0.0,0.0,0.0,0.0,0.0,0.0,0.275714979644,0.0
0.167266094339,0.262297418152,0.337412004982,0.89369973165,0.0203256155476,0.0495134847448,983080.0,937.778798109,11.0,160.0,0.0,0.01,0.02,0.06,0.04,0.05,0.07,0.13,0.39,0.28,0.14,0.27,1.0,0.81,0.38,0.32,0.47,0.46,0.0,0.0,0.0,0.0,0.0,0.0,0.265203014479,0.0
0.353531712503,0.0558221253981,0.0920642724364,0.190575592248,0.416992244925,0.0420193289846,493836.0,1042.09004174,35.0,142.0,0.0,0.0,0.18,0.19,0.48,0.49,0.87,0.79,1.0,0.86,0.32,0.38,0.5,0.31,0.1,0.16,0.2,0.0,0.0,0.0,0.0,0.0,0.0,0.0,0.31519807485,0.0
0.165558226161,0.0653743570045,0.139943729443,0.386222578222,0.435229221064,0.327054759542,619400.0,1406.7379284,39.0,139.0,0.0,0.01,0.13,0.1,0.29,0.52,0.95,0.58,0.22,0.81,0.32,0.61,0.38,0.98,0.14,0.18,0.63,1.0,0.0,0.0,0.0,0.0,0.0,0.0,0.340679213321,0.0
0.695191081839,0.342516075839,0.287641442035,0.391020482593,0.0819662023947,0.418828943089,597940.0,936.305193534,45.0,73.0,0.28,0.16,0.31,0.5,1.0,0.74,0.29,0.57,0.75,0.48,0.14,0.49,0.19,0.34,0.43,0.03,0.16,0.27,0.0,0.0,0.0,0.0,0.0,0.0,0.272113321471,0.0
0.158968965799,0.669978366266,0.409884717408,0.125294117985,0.026031744577,0.0620779168262,569028.0,464.988745622,22.0,28.0,0.0,0.0,0.01,0.0,0.0,0.04,0.9,1.0,0.1,0.23,0.46,0.82,0.32,0.23,0.0,0.0,0.0,0.0,0.0,0.0,0.0,0.0,0.0,0.0,0.303456648469,0.0
0.347783032879,0.0195417575665,0.137052632848,0.144880172016,0.0925022531168,0.17625288348,707884.0,1225.75734022,264.0,162.0,1.0,0.39,0.7,0.11,0.87,0.58,0.21,0.5,0.74,0.8,0.27,0.34,0.39,0.7,0.19,0.2,0.46,0.2,0.0,0.0,0.0,0.0,0.0,0.0,0.307536978355,0.0
0.508702768022,0.144882582172,0.216347604853,0.136266667738,0.600809507107,0.935237359964,825384.0,1032.09518099,25.0,127.0,0.26,0.07,0.35,0.29,0.41,0.29,0.22,0.38,0.53,0.43,0.37,0.48,0.71,1.0,0.42,0.4,0.8,0.93,0.0,0.0,0.0,0.0,0.0,0.0,0.28899610724,0.0
0.146478710553,0.31493364402,0.0787406332671,0.186353954865,0.228800277306,0.338028374793,1081536.0,920.917180273,14.0,96.0,0.0,0.15,0.89,1.0,0.32,0.29,0.52,0.59,0.51,0.29,0.32,0.21,0.96,0.12,0.42,0.46,0.7,0.02,0.0,0.0,0.0,0.0,0.0,0.0,0.316830823679,0.0
0.0433991136802,0.0652777331129,0.0290514326617,0.0671231974313,0.0793260683001,0.393386983875,636896.0,1348.48229051,14.0,180.0,0.35,0.18,0.3,0.19,0.44,0.4,0.45,0.41,0.79,1.0,0.62,0.23,0.76,0.62,0.52,0.34,0.46,0.34,0.0,0.0,0.0,0.0,0.0,0.0,0.273998175176,0.0
0.183853068509,1.01428159946,0.342908467738,0.169566948529,0.0414974242271,0.506013474729,665656.0,851.092304535,25.0,142.0,0.0,0.0,0.0,0.0,0.0,0.0,0.05,0.08,0.28,0.06,0.98,1.0,0.21,0.0,0.43,0.63,0.0,0.0,0.0,0.0,0.0,0.0,0.0,0.0,0.29584624385,0.0
0.211094462065,0.121551504733,0.23234843664,0.248933525857,0.301793777943,0.0645398372795,419088.0,900.840269491,42.0,113.0,0.0,0.0,0.0,0.01,0.14,0.03,0.0,0.11,0.64,0.58,0.5,0.75,1.0,0.87,0.21,0.75,0.05,0.03,0.0,0.0,0.0,0.0,0.0,0.0,0.33031314057,0.0
0.0464066213026,0.298565370501,0.0289322471946,0.101888895778,0.191356900123,0.79467189958,538880.0,996.978620399,437.0,107.0,0.01,0.01,0.05,0.27,0.04,0.11,0.18,0.27,0.33,0.37,0.1,0.12,0.72,1.0,0.09,0.42,0.68,0.69,0.0,0.0,0.0,0.0,0.0,0.0,0.278691137283,0.0
0.267608101591,3.99751775797,0.642800943152,0.605333321657,0.264705540172,0.55240095407,691124.0,549.621908801,33.0,44.0,0.0,0.0,0.0,0.0,0.0,0.03,0.0,0.0,0.0,0.0,0.0,0.0,0.0,0.45,0.27,0.58,1.0,0.86,0.0,0.0,0.0,0.0,0.0,0.0,0.283453099687,0.0
0.0729629628728,0.0477192967765,0.103333332058,0.134064501813,0.183397833894,0.0305494467486,741544.0,642.317611939,47.0,38.0,0.0,0.0,0.0,0.08,0.07,0.38,0.39,0.28,0.3,0.88,0.67,0.71,0.96,1.0,0.39,0.64,0.31,0.41,0.0,0.0,0.0,0.0,0.0,0.0,0.33078583832,0.0
0.4474803115,0.170143915513,0.107608654447,0.197759634678,0.095928860183,1.15862512406,696964.0,785.953393474,20.0,170.0,0.05,0.01,0.15,0.18,0.2,0.38,0.04,0.08,0.27,0.41,0.28,0.29,0.87,0.8,0.43,0.42,0.72,1.0,0.0,0.0,0.0,0.0,0.0,0.0,0.297628356997,0.0
0.0847169924053,0.193954109597,0.230242750403,0.174042472047,0.172658291521,0.222887591135,352104.0,1282.10912858,27.0,123.0,0.01,0.28,0.83,0.6,0.42,0.92,1.0,0.87,0.32,0.57,0.69,0.75,0.43,0.35,0.42,0.56,0.24,0.02,0.0,0.0,0.0,0.0,0.0,0.0,0.331670854245,0.0
0.0504898493349,0.0793692757202,0.0984669863287,0.332068798316,0.350199673802,0.318753470233,952988.0,709.797979456,2.0,72.0,0.77,0.62,0.39,0.57,0.53,0.65,0.54,0.65,0.75,0.95,0.47,0.37,1.0,0.85,0.36,0.69,0.48,0.28,0.0,0.0,0.0,0.0,0.0,0.0,0.313780708989,0.0
0.0260784309064,0.0565079366612,0.150332928888,0.208158514409,0.416647623253,0.178989020068,1013724.0,518.43950759,26.0,70.0,0.0,0.0,0.0,0.0,0.0,0.01,0.0,0.95,0.7,0.07,1.0,0.43,0.0,0.0,0.17,0.07,0.0,0.0,0.0,0.0,0.0,0.0,0.0,0.0,0.298226237761,0.0
0.15536968524,0.21015225152,0.571250024228,0.191993922678,0.778756026398,0.569297713847,539568.0,926.467675227,606.0,156.0,0.01,0.03,0.06,0.12,0.58,1.0,0.77,0.57,0.64,0.47,0.29,0.4,0.44,0.21,0.0,0.0,0.0,0.0,0.0,0.0,0.0,0.0,0.0,0.0,0.294639315756,0.0
0.154754573877,0.0855678104979,0.267014350265,0.430337987594,0.0896792218784,0.334222801633,904512.0,1200.40799074,194.0,121.0,0.03,0.0,0.0,0.09,0.38,1.0,0.15,0.12,0.43,0.46,0.45,0.28,0.28,0.6,0.22,0.04,0.02,0.06,0.0,0.0,0.0,0.0,0.0,0.0,0.247873945899,0.0
0.288148504209,0.0952389341839,0.176834619682,0.288430692978,0.176427774356,0.157867463544,676884.0,949.676459832,7.0,33.0,0.0,0.04,0.08,0.01,0.07,0.53,0.88,0.36,0.05,0.6,0.36,0.32,1.0,0.66,0.0,0.08,0.23,0.05,0.0,0.0,0.0,0.0,0.0,0.0,0.296544918838,0.0
0.341007299821,0.0589348064918,0.0457726192369,0.240030793295,0.12947337325,0.0981052786341,617948.0,1083.398503,131.0,74.0,0.0,0.31,0.23,0.0,0.0,0.45,0.94,0.05,0.0,0.11,1.0,0.04,0.0,0.0,0.51,0.48,0.0,0.0,0.0,0.0,0.0,0.0,0.0,0.0,0.291156697025,0.0
0.126277912001,0.14551708317,0.0963842597189,0.125252748642,0.630912823125,0.15853800683,0.0,1312.73693743,1.0,0.0,0.56,0.71,0.28,0.36,1.0,0.86,0.33,0.45,0.95,0.38,0.05,0.01,0.25,0.04,0.0,0.0,0.0,0.0,0.0,0.0,0.0,0.0,0.0,0.0,0.327432934185,0.0
0.328525981624,0.12097486457,0.0497981321871,0.148991021738,0.0665800098313,0.491888869374,645864.0,988.531844316,206.0,149.0,0.0,0.0,0.05,0.12,0.0,0.17,1.0,0.29,0.12,0.62,0.35,0.25,0.22,0.2,0.05,0.08,0.17,0.22,0.0,0.0,0.0,0.0,0.0,0.0,0.22833599451,0.0
0.299176376253,0.118340139243,0.152813882907,0.226959148754,0.0566650468497,0.0338590671816,774820.0,1036.87393386,172.0,174.0,0.08,0.16,0.54,0.65,0.51,0.62,0.69,0.67,0.71,0.55,0.61,0.67,0.76,1.0,0.47,0.43,0.27,0.14,0.0,0.0,0.0,0.0,0.0,0.0,0.305156778922,0.0
0.142257802668,0.144117747567,0.86910831357,0.0680960539345,0.313905111501,0.295480922383,854764.0,1528.76470157,9.0,81.0,0.13,0.2,0.16,0.0,0.38,0.54,0.61,0.64,1.0,0.72,0.24,0.2,0.16,0.18,0.01,0.0,0.01,0.04,0.0,0.0,0.0,0.0,0.0,0.0,0.276936364532,0.0
0.0582204991412,0.186506122889,0.360253876401,0.205261394407,0.119550269975,0.0620740753549,911596.0,866.101416325,197.0,48.0,0.3,0.1,0.13,0.07,0.73,0.83,0.48,0.6,0.2,0.94,0.56,0.71,0.33,1.0,0.19,0.13,0.03,0.0,0.0,0.0,0.0,0.0,0.0,0.0,0.32910205062,0.0
0.319474000209,0.117760421926,0.358756812257,0.188696530067,0.200553761199,0.0498542434528,940328.0,665.510177908,10.0,44.0,0.0,0.0,0.1,0.05,0.0,0.13,0.28,0.26,0.47,0.63,1.0,0.77,0.89,0.73,0.27,0.41,0.16,0.11,0.0,0.0,0.0,0.0,0.0,0.0,0.31338098042,0.0
0.113867282149,0.230207536707,0.124374700058,0.0769005383525,0.109084643225,0.0652035442012,183848.0,1147.22415543,9.0,99.0,0.12,0.49,0.43,0.29,0.66,0.51,0.61,0.5,1.0,0.68,0.58,0.92,0.86,0.62,0.6,0.43,0.61,0.14,0.0,0.0,0.0,0.0,0.0,0.0,0.312160649079,0.0
