2,3,7,4,0,0,0,0,1,4,1,5,6,7,1,0,9,2,0.01,0.07,0.13,0.1,0.15,0.09,0.1,0.07,1,0.21,0.09,0.02,0.03,0.07,0.28,1,0.18,0.05,0.04,0.01,0.01,0,0,1
26,38,35,37,35,28,22,21,12,12,19,23,22,15,22,27,27,26,1,0.09,0.17,0.05,0.11,0.02,0.08,0.08,0.39,0.13,0.01,0,0,0,0,1,0.26,0.13,0.18,0.15,0.17,0.2,0.09,1
34,6,8,0,0,0,0,3,11,14,1,12,9,4,4,0,0,2,1,0.02,0.02,0.06,0.09,0.04,0.02,0.01,0,0,0.01,0.01,0.01,0,0,1,0.09,0.05,0.04,0.02,0.01,0.01,0.01,1
0,9,7,21,34,11,0,1,1,1,16,13,25,16,4,2,2,2,0.08,0.3,0.23,0.35,1,0.51,0.08,0.43,0.76,0.2,0.07,0.02,0,0,0,1,0.21,0.06,0.12,0.04,0.06,0.06,0.03,1
145,131,113,118,110,117,133,29,64,80,73,90,96,85,82,66,82,67,0.07,0.17,0.68,0.12,0.09,0.12,0.12,0.14,1,0.13,0.08,0.06,0.04,0.07,0.06,1,0.2,0.12,0.07,0.03,0.01,0,0,1
175,197,201,163,162,157,165,143,111,119,121,104,120,124,121,89,61,150,0,0.3,0.77,0.95,0.83,1,0.87,0.58,0.36,0.16,0.12,0.11,0.07,0.04,0.01,1,0.34,0.33,0.31,0.18,0.04,0.03,0.02,1
58,51,60,55,69,75,74,32,54,30,45,48,46,47,37,43,43,33,1,0.27,0.3,0.02,0.01,0,0.02,0,0.09,0.09,0.02,0,0.01,0.07,0.02,1,0.12,0.12,0.12,0.1,0.12,0.32,0.09,1
69,56,68,34,59,21,57,28,34,32,33,32,35,36,36,31,34,40,1,0.88,0.86,0.19,0.32,0.36,0.19,0.37,0.99,0.43,0.44,0.52,0.23,0.21,0.72,1,0.44,0.36,0.43,0.37,0.39,0.31,0.06,1
0,11,8,8,25,58,43,5,76,8,5,5,65,3,6,90,5,43,0,0,0,0,0,0,0,0.67,1,0,0,0,0,0,0,1,0.24,0.19,0.16,0.06,0.03,0.03,0,1
67,81,80,61,123,132,107,42,43,83,98,69,289,90,76,38,48,34,0.04,0.2,0.02,0.01,0.02,0.06,0.17,0.19,0.44,0.16,0.18,0.21,0.19,0.42,1,1,0.55,0.39,0.18,0.11,0.07,0.04,0,1
58,134,74,59,55,46,44,71,17,30,18,9,9,0,156,31,16,42,0.31,0.71,0.01,0.02,0.2,0.38,0.87,1,0.32,0.24,0.08,0.32,0.33,0.3,0.29,1,0.4,0.3,0.26,0.24,0.13,0.02,0,1
61,72,76,69,58,53,47,35,34,44,32,41,32,35,31,40,37,41,1,0.04,0.09,0,0,0,0,0,0,0.01,0.01,0,0,0,0,1,0.18,0.14,0.13,0.07,0.03,0.04,0,1
22,18,8,59,74,79,45,0,9,29,14,74,44,40,66,43,18,29,0.32,1,0.21,0.3,0.33,0.29,0.35,0.21,0.18,0.16,0.06,0.06,0.14,0.42,0.49,1,0.48,0.34,0.28,0.14,0.11,0.07,0.04,1
28,20,21,77,172,161,113,85,59,102,81,110,73,77,79,87,63,40,0.28,0.3,0.2,0.21,0.15,0.04,0.03,0.02,1,0.08,0,0,0,0.01,0,1,0.22,0.42,0.46,0.11,0.15,0.14,0.04,1
17,27,22,25,18,23,0,21,7,20,23,15,13,20,0,20,6,9,0.73,0.7,1,0.38,0.44,0.45,0.29,0.12,0.3,0.34,0.07,0.03,0.07,0.05,0.09,1,0.33,0.13,0.09,0.04,0.04,0.01,0,1
62,72,63,67,70,55,75,46,50,42,76,56,22,24,45,39,49,25,0.01,1,0,0,0.01,0.04,0.03,0.02,0.01,0.02,0.08,0.06,0.08,0.07,0.08,1,0.38,0.24,0.19,0.13,0.11,0.05,0,1
73,51,141,11,4,42,32,36,31,1,1,52,53,69,4,3,32,36,0.1,1,0.03,0,0,0,0,0.01,0.28,1,0.16,0.22,0.33,0.26,0,1,0.34,0.42,0.32,0.35,0.26,0.04,0.01,1
48,28,54,31,38,27,20,8,15,14,49,32,10,14,26,24,39,44,1,0,0,0,0.03,0.03,0.02,0.03,0.04,0.04,0.04,0.2,0.3,0.3,0.32,1,0.39,0.32,0.3,0.24,0.22,0.15,0.03,1
60,30,21,24,53,34,68,4,11,20,25,33,16,32,39,52,25,41,0.86,1,0.53,0.4,0.2,0.16,0.24,0.15,0.21,0.37,0.82,0.79,0.64,0.9,0.66,1,0.27,0.14,0.09,0.07,0.04,0.01,0,1
133,154,189,141,152,129,151,81,81,122,62,128,111,104,138,96,83,88,1,0.24,0.13,0.11,0.22,0.25,0.21,0.13,0.35,0.22,0.14,0.04,0.04,0.04,0.04,1,0.33,0.19,0.18,0.14,0.12,0.09,0.03,1
107,53,47,59,72,71,117,34,71,37,73,76,159,40,66,61,42,79,0.65,1,0.19,0.23,0.13,0.19,0.16,0.09,0.13,0.13,0.07,0.13,0.09,0.05,0.14,1,0.35,0.35,0.45,0.28,0.32,0.19,0.02,1
180,219,190,202,186,153,189,114,155,140,110,101,125,112,124,131,138,125,0.26,1,0.42,0.31,0.33,0.39,0.59,0.26,0.92,0.3,0.17,0.12,0.12,0.14,0.11,1,0.52,0.51,0.46,0.23,0.18,0.11,0.02,1
49,32,38,34,12,40,20,22,18,21,23,20,21,21,21,21,22,22,0.02,0.1,0.33,0.64,0.38,0.71,0.37,0.33,1,0.02,0.03,0.03,0.02,0.02,0.03,1,0.17,0.2,0.34,0.07,0.1,0.14,0.03,1
5,10,4,9,12,4,3,2,5,1,2,2,9,10,3,3,12,0,0.03,0.09,0.01,0.03,0.07,0.02,0.04,0.03,0.67,1,0.3,0.23,0.2,0.15,0.14,1,0.3,0.2,0.17,0.1,0.05,0.04,0.02,1
11,27,40,155,93,70,94,41,29,36,35,47,55,36,38,26,30,38,0,0.49,0.48,0.34,0.12,0.12,0.77,0.65,1,0.22,0.13,0.11,0.11,0.15,0.15,1,0.39,0.22,0.12,0.05,0.02,0.01,0,1
8,18,22,23,18,17,0,0,0,17,16,43,25,20,16,15,0,0,1,0,0,0,0,0,0,0,0.03,0.97,0,0,0,0,0,1,0.06,0.04,0.08,0.03,0.06,0.03,0.01,1
11,8,24,3,3,0,0,6,6,9,5,4,8,5,5,3,8,2,1,0.89,0.33,0.05,0.27,0.1,0.14,0.02,0.2,0.05,0.41,0.26,0.13,0.07,0.08,1,0.32,0.42,0.18,0.11,0.08,0.01,0,1
105,111,126,125,97,122,131,76,65,93,75,148,93,113,60,32,31,3,0.11,1,0.39,0.33,0.2,0.14,0.14,0.12,0.12,0.09,0.12,0.14,0.09,0.11,0.09,1,0.33,0.17,0.09,0.04,0.02,0,0,1
3,4,30,8,17,49,23,31,27,13,16,9,7,8,21,15,35,20,0.46,0.56,0,0,0,0,0,0.01,1,0.01,0,0,0,0,0,1,0.29,0.18,0.37,0.19,0.2,0.3,0.35,1
0,7,7,5,10,0,0,3,6,2,3,5,3,4,3,3,2,2,0,0,0.6,0.4,0,0,0,0,1,0,0,0,0,0,0,1,0.25,0.34,0.05,0.07,0.04,0.01,0.01,1
113,98,98,144,139,102,149,95,31,69,92,84,69,76,65,73,81,71,0.08,0.05,0.02,0.04,0.22,0.53,1,0.93,0.31,0.05,0.06,0.15,0.2,0.39,0.32,1,0.48,0.42,0.28,0.2,0.06,0,0,1
246,5,14,11,13,4,5,30,38,34,45,31,33,26,29,22,55,9,0,0,0,0,0,0,0,0,0,0,0,0,0.01,0.11,1,1,0.63,0.38,0.09,0.06,0.01,0,0,1
142,126,122,119,126,112,124,91,78,38,213,67,105,78,90,96,82,88,1,0.53,0.43,0.29,0.29,0.29,0.46,0.85,0.76,0.39,0.32,0.32,0.25,0.22,0.32,1,0.32,0.17,0.09,0.05,0.04,0.04,0.01,1
27,45,53,0,128,0,0,12,15,14,20,16,15,13,15,11,9,8,0.03,0.99,1,0.27,0.24,0.25,0.37,0.49,0.52,0.11,0.07,0.07,0.04,0.13,0.02,1,0.12,0.03,0.02,0,0,0,0,1
27,41,26,130,174,153,231,36,50,58,87,55,85,74,46,24,21,45,0.03,0.11,0.39,0.15,0.03,0.07,0.19,0.07,1,0.06,0.05,0.04,0.04,0.01,0.07,1,0.3,0.23,0.17,0.08,0.18,0.17,0.03,1
63,55,73,45,58,39,32,0,0,0,0,100,88,45,64,34,59,45,0.56,0.5,0,0,0,0,0,0.01,0.01,0.05,0.08,0.15,0.19,0.24,1,1,0.27,0.34,0.08,0.02,0.02,0.03,0.03,1
0,0,0,0,0,0,0,0,0,0,1,0,0,0,0,0,0,0,0,0.03,0.04,0.05,0.1,0.3,0.48,1,0.53,0.18,0.12,0.09,0.17,0.03,0,1,0.37,0.3,0.26,0.12,0.1,0.07,0.03,1
157,165,164,160,141,159,159,146,110,102,109,84,83,83,81,79,94,140,0.51,0.15,0.15,0.12,0.12,0.1,0.16,0.13,1,0.31,0.08,0.03,0.02,0.04,0.03,0.59,0.34,0.27,1,0.49,0.05,0.01,0.01,1
8,15,24,43,42,64,44,27,29,38,48,28,35,25,0,0,30,6,1,0,0,0.01,0.08,0.11,0.02,0.06,0.05,0.07,0.08,0.01,0,0,0,1,0.3,0.15,0.17,0.07,0.07,0.09,0.04,1
23,3,26,81,47,36,21,33,28,32,13,26,23,13,23,28,32,10,0,0.06,1,0.58,0.28,0.06,0.04,0.06,0.22,0.04,0.02,0,0,0.07,0.18,1,0.48,0.25,0.16,0.04,0.02,0.02,0.01,1
9,13,5,38,40,49,28,8,2,4,4,9,11,23,44,38,10,0,0.47,0.44,0.11,0.08,0.04,0.03,0.04,0.05,0.57,1,0.11,0.12,0.16,0.1,0.12,1,0.42,0.26,0.25,0.14,0.12,0.07,0.01,1
131,109,107,84,114,100,94,92,88,97,115,81,62,83,80,35,60,31,0,0,0,0.01,0.05,0.5,1,0.17,0.19,0.17,0.17,0.16,0.16,0.08,0.08,1,0.52,0.52,0.37,0.19,0.07,0.01,0,1
14,21,50,57,62,24,0,0,0,15,13,65,35,59,27,7,0,0,1,0.05,0.02,0,0,0,0,0,0,0,0,0,0,0,0,1,0.04,0.01,0.01,0,0,0,0,1
74,97,78,101,85,61,19,47,5,44,81,144,111,88,44,26,14,13,1,0.59,0.4,0.17,0.1,0.05,0.16,0.03,0.02,0.05,0.03,0.03,0,0.1,0.01,1,0.13,0.06,0.05,0.03,0.03,0.03,0.01,1
26,44,24,131,174,153,232,25,51,57,91,56,85,76,46,25,22,44,0.02,0.15,0.38,0.14,0.03,0.08,0.19,0.09,1,0.06,0.04,0.04,0.04,0.01,0.08,1,0.3,0.23,0.17,0.08,0.18,0.16,0.03,1
56,89,51,7,2,2,1,12,7,22,21,24,32,27,34,12,0,0,1,0.59,0.11,0.06,0.06,0.1,0.11,0.09,0.11,0.12,0.08,0.08,0.09,0.08,0.05,1,0.07,0.04,0.02,0.01,0.01,0,0,1
5,12,14,17,8,4,6,10,7,6,2,2,10,2,2,2,7,7,1,0,0,0.01,0,0,0.07,0.08,0.16,0.78,0.02,0.02,0,0.01,0.01,1,0.17,0.19,0.18,0.13,0.13,0.05,0.01,1
12,29,41,51,60,41,46,74,81,95,88,2,4,3,0,0,1,0,0.07,1,0.53,0.68,0.28,0.36,0.02,0.1,0.46,0.07,0.2,0.39,0.09,0.12,0.1,1,0.29,0.18,0.14,0.12,0.08,0.02,0,1
22,23,40,48,94,55,55,46,24,15,48,14,23,66,65,47,40,28,1,0,0,0,0.04,0.03,0.03,0.03,0.03,0.01,0.01,0.01,0,0.21,0.01,1,0.39,0.25,0.24,0.13,0.12,0.11,0.07,1
32,40,32,22,26,14,1,1,6,4,7,27,45,33,0,0,3,4,1,0.34,0.12,0.09,0.06,0.09,0.19,0.38,0.65,0.06,0.01,0.01,0.02,0.09,0.1,1,0.14,0.04,0.04,0.01,0.01,0.01,0,1
62,78,88,62,127,80,89,62,55,71,29,32,46,56,53,44,35,66,1,0,0,0,0.03,0.06,0.26,0.23,0.39,0.82,0.25,0.24,0.18,0.48,0.92,1,0.23,0.26,0.25,0.11,0.08,0.04,0.01,1
67,37,45,39,56,19,21,1,23,30,43,16,23,11,40,96,31,6,0.02,1,0.68,0.74,0.19,0.15,0.14,0.11,0.15,0.19,0.25,0.31,0.21,0.09,0.06,1,0.42,0.21,0.15,0.09,0.09,0.04,0.01,1
26,31,36,54,2,0,0,20,18,13,14,6,9,11,14,28,19,10,0.36,0.82,1,0.19,0.16,0.16,0.9,0.31,0.43,0.1,0.24,0.18,0.12,0.06,0.08,1,0.33,0.29,0.4,0.23,0.29,0.19,0.02,1
68,81,96,45,61,27,32,22,27,22,69,91,63,44,30,27,24,28,0.02,0.04,0.04,0.12,0.47,0.56,0.06,0.06,1,0.42,0.33,0.27,0.38,0.01,0,1,0.42,0.47,0.35,0.21,0.22,0.09,0.01,1
90,121,133,114,141,138,111,95,81,112,97,80,72,32,53,46,58,85,0.35,1,0.3,0.52,0.46,0.54,0.52,0.68,0.4,0.45,0.21,0.34,0.74,0.84,0.38,1,0.44,0.41,0.48,0.27,0.11,0.04,0.03,1
202,39,84,52,78,88,131,117,81,45,63,43,43,59,59,66,108,80,0,0,0.08,1,0.1,0.11,0.12,0.11,0.14,0.16,0.14,0.12,0.07,0.08,0.07,1,0.38,0.44,0.39,0.36,0.26,0.06,0,1
43,34,44,34,37,34,32,25,18,21,28,34,17,33,31,19,32,24,1,0.54,0.04,0.02,0.02,0,0.01,0.01,0.12,0.37,0.19,0.04,0.14,0.17,0.04,1,0.16,0.13,0.29,0.21,0.13,0.06,0.02,1
3,4,1,1,0,8,9,0,0,0,2,4,59,2,7,3,0,0,0.46,1,0,0,0,0,0,0.02,0.2,0.54,0.76,0.87,0.2,0.32,0,1,0.34,0.33,0.24,0.09,0.01,0.01,0.01,1
0,0,0,0,0,2,5,1,1,1,1,1,1,1,1,1,1,1,0,0,1,0,0,0,0,0,0,0,0,0,0,0,0,1,0.07,0.02,0.07,0.03,0.61,0.35,0.03,1
90,80,93,53,15,3,0,7,18,23,45,41,39,50,52,41,27,21,1,0.02,0.01,0.01,0.01,0.02,0.01,0.01,0,0.01,0,0.01,0.01,0.02,0.01,1,0.16,0.09,0.09,0.05,0.04,0.04,0.01,1
11,151,153,182,131,80,99,65,76,84,77,85,75,95,64,83,51,48,1,0.04,0.59,0.01,0.01,0.01,0.08,0.01,0.06,0.02,0.01,0,0.01,0.01,0,1,0.37,0.2,0.21,0.17,0.21,0.22,0.11,1
147,163,154,157,167,127,154,57,94,96,111,104,65,105,92,110,94,109,0.44,0.5,1,0.28,0.3,0.28,0.15,0.34,0.19,0.22,0.18,0.14,0.17,0.24,0.22,1,0.37,0.31,0.39,0.27,0.24,0.17,0.05,1
162,202,210,196,190,190,198,133,123,103,113,100,141,147,127,132,133,127,0.52,1,0.56,0.36,0.27,0.2,0.34,0.62,0.33,0.19,0.16,0.11,0.1,0.19,0.16,1,0.4,0.33,0.32,0.23,0.19,0.11,0.02,1
31,31,43,61,63,36,42,0,0,8,2,82,64,89,100,46,25,13,0.78,1,0.15,0.27,0.19,0.44,0.62,0.23,0.52,0.48,0.43,0.25,0.1,0.13,0.54,1,0.08,0.04,0.02,0.01,0,0,0,1
0,8,30,40,33,8,1,0,0,0,1,2,16,27,13,16,15,6,0,1,0,0.04,0.17,0.18,0.21,0.06,0.12,0.12,0.05,0.06,0.11,0.01,0.01,1,0.35,0.29,0.17,0.11,0.05,0.02,0.01,1
0,0,0,0,0,0,0,0,0,0,0,0,0,0,0,0,0,0,1,0,0,0,1,0,0,0,0,0,0,0,0,0,0,1,0.05,0.05,0.1,0.07,0.05,0.02,0,1
17,16,6,18,10,17,18,10,34,9,10,10,10,10,10,10,10,10,0,0.15,0.34,0.28,0.12,0.05,0.05,0.01,1,0,0,0,0,0,0,1,0.06,0.02,0.08,0.02,0.03,0.03,0.02,1
120,60,32,91,64,98,84,97,65,103,96,48,63,36,75,61,95,49,0.18,0.21,0.76,1,0.35,0.36,0.15,0.07,0.86,0.06,0.62,0.17,0.06,0.12,0.16,1,0.32,0.24,0.28,0.12,0.11,0.1,0.03,1
15,14,13,11,18,21,26,11,35,8,10,4,0,4,38,6,12,8,1,0,0,0,0,0,0.15,0,0.21,0.02,0,0,0,0,0,1,0.18,0.08,0.14,0.07,0.14,0.18,0.07,1
44,62,72,87,38,63,73,4,3,21,25,34,75,78,90,113,74,43,0,0.02,0.06,0.11,0.1,0.07,0.07,1,0.32,0.03,0.06,0.05,0.07,0.14,0.22,1,0.36,0.32,0.27,0.12,0.06,0.02,0,1
51,54,59,68,32,42,42,47,24,15,42,40,35,42,42,35,52,34,1,0.01,0.01,0.02,0.05,0.07,0.06,0.02,0.02,0.03,0.04,0.07,0.13,0.11,0.14,1,0.49,0.52,0.43,0.25,0.21,0.15,0.05,1
0,0,0,0,0,0,0,1,1,1,1,1,0,1,1,1,2,3,0.97,0,0.41,0,0.41,0.02,1,0.09,0,0,0,0,0,0,0,1,0.38,0.34,0.22,0.12,0.1,0.05,0.07,1
87,137,250,241,234,101,77,94,108,103,91,34,131,147,67,170,59,53,0,1,0,0,0,0,0.01,0.05,0.16,0.29,0.17,0.16,0.13,0.1,0.09,1,0.36,0.1,0.05,0.07,0.23,0.3,0.04,1
117,37,45,51,37,97,62,44,61,36,36,38,27,30,39,30,25,21,1,0,0,0,0,0,0,0,0,0,0,0.01,0.02,0.04,0.06,1,0.27,0.2,0.36,0.15,0.14,0.19,0.12,1
8,5,39,10,15,5,14,3,15,3,3,8,3,4,4,2,3,2,0,0,0.04,0.17,0.77,0.92,0.15,0.03,0.1,0.07,1,0.02,0.01,0.02,0.01,1,0.42,0.23,0.16,0.06,0.07,0.07,0.01,1
32,29,32,23,21,21,10,50,27,26,23,20,13,0,0,0,0,0,0,0.03,0.19,0.22,1,0.62,0.44,0.19,0.24,0.29,0.34,0.31,0.19,0.21,0.09,1,0.14,0.15,0.25,0.22,0.16,0.1,0.01,1
60,65,76,85,77,97,58,78,53,32,21,38,50,26,55,30,65,59,0.84,1,0.19,0.03,0.15,0.08,0.09,0.1,0.08,0.17,0.48,0.41,0.2,0.27,0.15,1,0.42,0.38,0.34,0.3,0.3,0.14,0.01,1
95,97,114,104,125,105,69,93,81,58,90,89,78,68,87,76,42,75,1,0.14,0.15,0.09,0.11,0.08,0.08,0.08,0.09,0.07,0.08,0.12,0.11,0.08,0.12,1,0.46,0.25,0.19,0.12,0.08,0.06,0.02,1
97,58,68,115,120,91,70,45,23,131,88,71,22,46,16,70,27,17,1,0.74,0.18,0.59,0.57,0.28,0.18,0.13,0.11,0.38,0.26,0.11,0.04,0.06,0.22,1,0.29,0.25,0.18,0.12,0.09,0.09,0.07,1
45,49,73,146,152,142,113,7,33,91,66,100,70,68,54,76,68,67,1,0.47,0.87,0.09,0.12,0.04,0.06,0.04,0.16,0.18,0.14,0.06,0.06,0.15,0.06,1,0.29,0.27,0.21,0.19,0.14,0.04,0.01,1
4,7,9,17,24,25,7,1,20,16,39,0,5,10,3,8,0,0,1,0.21,0.36,0.26,0.15,0.16,0.44,0.6,0.13,0.22,0.49,0.15,0.1,0.12,0.07,1,0.31,0.25,0.28,0.18,0.09,0.07,0.04,1
127,114,5,55,0,0,0,79,71,50,58,65,34,69,40,61,51,44,0.3,0.49,0.5,0.36,0.46,0.41,0.32,0.51,0.61,1,0.6,0.16,0.26,0.32,0.37,1,0.37,0.26,0.32,0.12,0.2,0.24,0.08,1
0,0,27,30,54,34,9,17,17,27,21,11,10,2,7,9,9,10,0.68,1,0,0,0.07,0.62,0.85,0.14,0,0,0,0,0,0,0,1,0.39,0.45,0.47,0.31,0.24,0.14,0.07,1
17,8,32,27,44,16,13,18,12,8,7,25,34,6,5,13,3,12,0,0,0.03,0.03,0.06,0.21,0.48,0.95,1,0.23,0.1,0.03,0.02,0.02,0.01,1,0.51,0.54,0.46,0.14,0.04,0.02,0,1
10,73,126,66,32,15,6,2,2,6,13,40,30,37,28,52,49,12,0.03,0.89,0.12,0.3,0.24,0.18,0.05,0.07,1,0.02,0.02,0.04,0.25,0.01,0.02,1,0.3,0.24,0.27,0.15,0.11,0.07,0.03,1
3,10,6,9,13,12,9,3,3,10,10,4,7,8,8,4,0,0,0,0,0,0,0,0,0,0,1,0,0,0,0,0.12,0.55,1,0.39,0.31,0.14,0.1,0.08,0.03,0.01,1
22,104,78,80,59,44,205,113,51,48,2,8,39,64,36,25,20,24,0,0,0,0.56,0.37,0,0.02,0.04,1,0.06,0.26,0.4,0.06,0,0,1,0.46,0.22,0.15,0.1,0.07,0.02,0,1
0,0,0,0,0,0,0,0,0,0,0,0,0,0,0,0,0,0,1,0,0,0,0,0,0,0,0.93,0.07,0,0,0,0,0,1,0.3,0.14,0.33,0.18,0.19,0.19,0.28,1
202,190,177,203,191,212,176,166,71,135,145,96,97,70,173,103,138,142,0.46,1,0.42,0.25,0.34,0.21,0.25,0.17,0.44,0.37,0.24,0.18,0.17,0.17,0.24,1,0.46,0.42,0.28,0.15,0.07,0.02,0,1
132,132,119,110,136,164,174,82,114,151,113,86,104,88,75,130,78,79,1,0.28,0.07,0.27,0.27,0.27,0.2,0.23,0.2,0.17,0.2,0.09,0.09,0.08,0.12,1,0.47,0.43,0.29,0.15,0.07,0.02,0.01,1
62,116,126,152,144,114,13,53,78,59,51,63,48,63,52,69,61,65,1,0.49,0.01,0,0,0,0,0,0,0,0,0,0,0,0,1,0.24,0.13,0.1,0.07,0.05,0.04,0.02,1
0,0,0,0,22,51,89,46,25,13,9,35,21,7,31,18,8,9,0,1,0,0.31,0.31,0.21,0.06,0.02,0.01,0.02,0.01,0.05,0,0,0,1,0.29,0.23,0.49,0.26,0.3,0.26,0.17,1
19,21,27,32,26,24,22,15,25,31,25,31,32,25,26,18,17,10,0,0,0.02,0.63,1,0.15,0.09,0.09,0.1,0.15,0.12,0.14,0.12,0.12,0.11,1,0.54,0.31,0.21,0.09,0.06,0.04,0.01,1
102,102,87,79,68,67,88,0,0,0,0,0,56,121,125,117,115,81,0.11,0.19,0.49,0.49,0.53,0.38,0.22,1,0.32,0.24,0.36,0.15,0.08,0.16,0.2,1,0.39,0.36,0.28,0.18,0.18,0.1,0.01,1
6,4,7,6,2,9,0,5,9,10,8,4,0,0,0,0,0,0,0.09,0.1,0,0,0,0,0,0,1,0.13,0.06,0,0.03,0.03,0.25,1,0.18,0.32,0.07,0.09,0.07,0.04,0.02,1
84,141,91,178,127,118,114,77,89,83,99,90,107,81,104,105,124,60,1,0.02,0,0,0.05,0.09,0.25,0.51,0.56,0.41,0.34,0.23,0.23,0.23,0.69,1,0.37,0.54,0.56,0.41,0.32,0.13,0.02,1
55,56,89,122,111,238,113,38,41,99,46,3,89,55,48,22,79,118,1,0.01,0.04,0.02,0.02,0.02,0.03,0.02,0.14,0.04,0.02,0.01,0.02,0.02,0.01,1,0.14,0.1,0.12,0.09,0.07,0.05,0.03,1
11,6,14,25,12,9,2,14,15,4,3,5,12,4,8,4,2,20,1,0.12,0.05,0.04,0.03,0.02,0.01,0.03,0.02,0.01,0.01,0.02,0.02,0.05,0.18,1,0.12,0.06,0.03,0.02,0.01,0,0,1
70,66,61,61,37,88,92,2,17,14,83,95,51,81,89,44,0,22,1,0.12,0.03,0.03,0.04,0.04,0.03,0.05,0.02,0.02,0.02,0.07,0.1,0.29,0.44,1,0.38,0.36,0.45,0.19,0.12,0.09,0.03,1
54,87,108,106,74,52,45,61,72,70,88,60,64,45,29,18,6,6,0.02,1,0.09,0.35,0.29,0.26,0.16,0.06,0.03,0.05,0.04,0.07,0.07,0.08,0.12,1,0.25,0.15,0.11,0.14,0.15,0.11,0.05,1
9,40,14,28,22,42,43,8,141,13,19,24,21,58,23,27,34,33,0.02,0.1,0.34,0.17,0.12,0.93,1,0.4,0.17,0.01,0,0.01,0.03,0.03,0.33,1,0.2,0.21,0.28,0.11,0.2,0.12,0.02,1
83,83,76,69,69,85,72,37,32,52,46,53,53,56,59,50,68,65,0,0,0,0.02,0.05,0.05,0.05,0.06,0.86,1,0.06,0.08,0.12,0.19,0.33,1,0.53,0.3,0.14,0.06,0.03,0.01,0,1
36,41,60,37,15,10,13,15,15,12,28,30,14,35,28,25,25,51,1,0.98,0.86,0.61,0.63,0.24,0.17,0.11,0.37,0.35,0.25,0.14,0.06,0.14,0.16,1,0.4,0.18,0.11,0.05,0.04,0.03,0.01,1
14,26,74,89,71,70,1,1,12,8,7,51,49,37,30,28,39,51,0,0,0,0,0,0.02,1,0.19,0.09,0.11,0.11,0.24,0.39,0.37,0.34,1,0.34,0.43,0.37,0.27,0.14,0.02,0,1
182,20,79,28,54,9,31,0,21,33,57,48,64,65,63,32,32,6,1,0,0.09,0.41,0.44,0.91,0.43,0.32,0.37,0.42,0.68,0.39,0.18,0.39,0.57,1,0.49,0.63,0.42,0.22,0.16,0.07,0.01,1
0,0,10,6,3,12,0,3,1,1,1,1,8,1,1,1,4,4,0.54,0.45,0.71,0.17,0.11,0.09,0.13,0.73,0.45,0.16,0.18,0.2,0,0,1,1,0.12,0.11,0.1,0.03,0.03,0.03,0.01,1
90,73,106,157,103,52,161,117,69,96,51,57,107,62,37,104,51,76,1,0.19,0.04,0.01,0,0,0.01,0.01,0.02,0.16,0.74,0.2,0.6,0.04,0.01,1,0.35,0.38,0.31,0.29,0.16,0.04,0.01,1
7,8,8,10,4,8,5,3,3,3,2,14,8,8,7,0,0,0,1,0.14,0.26,0.1,0,0,0,0,0.36,0,0.01,0.01,0,0.21,0.1,1,0.14,0.1,0.13,0.14,0.12,0.08,0.07,1
27,34,51,38,32,47,37,23,17,28,14,30,26,23,23,23,19,13,1,0.45,0.03,0.02,0.01,0.03,0.05,0.1,0.77,0.44,0.02,0.07,0.06,0.03,0.04,1,0.15,0.13,0.13,0.11,0.08,0.06,0.01,1
130,212,0,59,86,52,71,38,48,16,18,147,38,67,58,56,34,9,1,0.15,0.22,0.31,0.06,0.01,0.21,0.14,0.79,0.12,0.05,0.02,0.02,0.05,0.04,1,0.35,0.13,0.34,0.16,0.27,0.23,0.04,1
0,0,10,33,11,2,4,0,0,0,0,0,10,21,16,2,19,6,0.05,1,0.53,0.11,0,0,0,0,0,0,0,0,0.01,0.08,0.27,1,0.45,0.37,0.31,0.36,0.45,0.17,0.01,1
0,52,113,78,76,38,13,0,0,0,0,20,59,59,72,87,70,0,0,0.02,0.03,0.21,0.77,0.51,0.09,0.43,1,0.13,0.18,0.13,0.02,0,0,1,0.28,0.06,0.02,0.03,0.04,0.04,0.01,1
2,7,17,4,3,14,26,28,39,19,27,16,10,3,6,1,0,0,0.11,0.45,0.45,0.06,0,0,0,0,0.06,1,0,0,0,0,0,1,0.23,0.15,0.39,0.16,0.18,0.2,0.24,1
153,163,141,146,148,154,162,95,102,98,102,96,105,104,98,98,111,105,1,0.3,0.09,0.04,0.04,0.02,0.01,0.04,0.09,0.14,0.18,0.17,0.09,0.23,0.15,1,0.45,0.64,0.5,0.26,0.26,0.29,0.17,1
156,151,153,125,156,143,85,82,62,78,71,97,100,89,77,113,88,92,0,0,0.03,0.07,0.47,0.18,0.15,0.13,1,0.15,0.22,0.06,0.03,0.01,0.01,1,0.48,0.28,0.17,0.1,0.06,0.04,0.03,1
5,5,13,5,25,11,11,0,0,3,13,8,2,7,16,7,8,3,0,0,0,0,0,0,0,0,1,0,0,0,0.12,0.8,0.77,1,0.21,0.14,0.19,0.11,0.05,0.04,0.02,1
17,0,34,59,66,66,13,0,6,6,4,4,8,34,66,71,58,34,0.04,1,0.48,0.14,0.11,0.07,0.08,0.07,0.98,0.07,0.06,0.06,0.09,0.05,0.04,1,0.14,0.06,0.04,0.02,0.01,0.01,0,1
0,11,27,23,0,3,0,3,0,3,3,7,4,4,8,8,5,7,0,1,0.02,0,0.05,0.82,0.15,0,0,0,0,0,0.04,0.49,0.36,1,0.27,0.29,0.33,0.18,0.17,0.14,0.07,1
9,25,55,79,77,88,79,1,9,25,49,59,70,77,91,69,41,16,0,0,0,0,0,0,0,0,1,0.15,0.4,0.18,0.14,0.11,0.02,1,0.16,0.17,0.22,0.15,0.11,0.08,0.02,1
78,59,36,26,0,0,0,14,21,27,27,18,16,17,24,26,22,17,1,0,0,0.15,0.1,0.05,0.03,0.03,0.05,0.03,0.03,0.02,0.01,0.01,0,1,0.26,0.32,0.17,0.07,0.04,0.02,0,1
0,4,1,2,1,0,0,0,0,0,0,0,0,0,2,1,1,0,0,0.17,0.83,0.81,0.32,0.08,0.01,0.01,0,0.11,1,0,0,0,0,1,0.54,0.58,0.31,0.07,0,0,0,1
8,5,39,10,15,5,13,3,15,3,3,8,3,4,4,2,3,2,0,0,0.04,0.16,0.79,0.93,0.16,0.02,0.1,0.09,1,0.02,0.01,0.01,0.01,1,0.42,0.23,0.16,0.06,0.07,0.07,0.01,1
2,2,2,2,2,2,2,1,1,8,8,7,3,1,1,1,1,1,0.89,1,0.15,0.04,0.03,0.07,0.07,0.15,0.06,0.09,0.17,0.05,0.08,0.11,0,1,0.28,0.19,0.13,0.09,0.04,0.02,0.01,1
167,147,126,140,139,179,163,100,122,115,100,88,82,75,84,81,83,100,0.5,1,0.25,0.18,0.14,0.11,0.11,0.09,0.08,0.08,0.11,0.15,0.17,0.23,0.18,1,0.4,0.34,0.44,0.38,0.44,0.28,0.05,1
0,0,4,0,0,36,107,10,20,15,13,17,18,16,20,9,17,19,0.82,0.68,0.36,0.13,0.03,0.02,0.03,0,1,0.44,0.18,0.03,0.27,0.44,0,1,0.29,0.28,0.26,0.2,0.22,0.05,0,1
68,104,152,148,138,147,0,52,81,40,62,42,56,44,44,71,64,57,0,0,0,0,0.01,0.04,0.19,0.32,1,0.21,0.08,0.03,0.01,0,0,1,0.39,0.39,0.43,0.31,0.21,0.12,0.11,1
34,35,42,35,36,31,29,19,17,19,26,25,32,25,33,32,32,13,0,0.03,0.12,0.15,0.44,0.57,1,0.35,0.19,0.21,0.17,0.14,0.18,0.2,0.25,1,0.65,0.43,0.41,0.29,0.28,0.14,0.04,1
2,3,2,2,3,3,2,1,2,2,2,2,2,1,1,2,1,1,0,1,0,0,0.46,0.12,0.25,0.15,0.02,0,0,0,0,0,0.02,1,0.28,0.17,0.46,0.28,0.31,0.31,0.23,1
15,30,54,57,56,57,39,38,41,34,29,26,46,36,31,33,15,20,0.86,1,0.81,0.49,0.42,0.29,0.22,0.15,0.23,0.34,0.21,0.06,0.01,0.08,0.03,1,0.44,0.23,0.12,0.05,0.02,0.01,0,1
208,265,263,445,1,12,0,73,62,58,76,60,72,68,73,75,81,69,1,0.17,0.3,0.21,0.41,0.19,0.22,0.24,0.27,0.07,0.08,0.21,0.4,0.49,0.97,1,0.48,0.42,0.34,0.15,0.11,0.04,0,1
114,122,145,165,105,160,163,92,111,106,106,127,115,102,82,120,104,113,0.95,0.67,0.23,0.19,0.32,0.31,0.2,0.09,0.15,0.16,0.12,0.14,0.17,0.34,1,1,0.49,0.37,0.32,0.18,0.17,0.12,0.03,1
0,0,6,21,36,54,63,3,11,22,36,35,29,28,15,16,11,7,0,0,0,0,0,0,0,0,1,0.29,0.15,0.01,0,0,0,1,0.19,0.21,0.11,0.19,0.18,0.04,0.04,1
157,147,141,157,137,135,146,111,69,106,71,104,126,118,123,169,60,85,0.09,1,0.22,0.15,0.21,0.17,0.17,0.15,0.1,0.08,0.11,0.18,0.14,0.09,0.09,1,0.34,0.29,0.26,0.18,0.1,0.02,0,1
0,0,6,6,0,0,0,0,0,3,0,0,0,3,0,0,3,2,0,0,0.05,0.07,0.11,0.21,0.51,0.08,1,0.02,0,0.02,0.1,0.12,0.26,1,0.37,0.34,0.22,0.13,0.08,0,0,1
29,34,98,53,30,10,17,2,17,11,20,22,22,24,31,22,27,31,1,0.06,0.01,0.01,0.1,0.01,0.39,0.06,0.32,0.19,0.01,0,0.01,0.02,0.03,1,0.22,0.12,0.21,0.08,0.11,0.15,0.04,1
19,8,10,15,15,12,13,8,15,2,4,15,29,22,14,6,12,0,0.44,1,0.35,0.31,0.27,0.22,0.13,0.07,0.04,0.18,0.1,0.05,0.01,0.03,0.02,1,0.19,0.06,0.07,0.04,0.05,0.02,0,1
13,82,90,83,104,109,70,20,36,48,44,55,57,77,74,62,49,38,0,0.41,0.79,1,0.77,0.03,0.03,0,0,0.02,0.07,0.21,0.45,0.44,0.24,1,0.54,0.4,0.29,0.1,0.05,0.04,0.03,1
16,16,47,98,16,17,17,0,0,73,32,13,43,11,9,12,14,9,1,0,0,0,0,0,0,0,0,0.02,0.91,0.04,0,0,0,1,0.26,0.17,0.22,0.14,0.15,0.16,0.24,1
49,32,38,33,12,40,20,22,18,21,23,20,20,21,21,21,22,22,0,0.11,0.29,0.74,0.35,0.73,0.47,0.39,1,0.02,0.03,0.03,0.01,0.01,0.02,1,0.17,0.19,0.35,0.07,0.09,0.14,0.04,1
139,104,94,87,86,95,104,43,45,52,58,77,64,70,72,74,75,92,1,0.05,0.04,0.03,0.08,0.06,0.07,0.06,0.05,0.08,0.11,0.12,0.19,0.3,0.69,1,0.6,0.36,0.17,0.08,0.04,0.01,0,1
12,35,45,45,47,64,63,10,25,46,0,34,67,50,30,31,29,33,0.32,1,0.63,0.18,0.05,0.01,0.01,0,0.01,0.01,0.01,0,0,0.01,0.01,1,0.33,0.23,0.46,0.25,0.41,0.31,0.07,1
32,17,26,32,19,33,47,4,10,24,21,28,17,20,28,22,25,11,1,0,0.02,0.29,0.14,0.03,0.01,0.01,0,0,0,0,0,0,0,1,0.41,0.5,0.52,0.51,0.22,0.03,0,1
99,173,258,461,267,9,0,47,49,50,49,45,45,44,45,45,46,45,0,0,0,0,0,0,0,1,0.16,0,0.02,0.02,0.03,0.03,0.1,1,0.11,0.25,0.55,0.16,0.04,0.05,0.02,1
13,10,15,9,2,0,0,0,0,5,17,16,4,0,0,0,0,0,0,0,0.16,0.28,0.37,0.17,0.32,1,0.36,0.36,0.31,0.32,0.28,0.11,0,1,0.37,0.18,0.12,0.04,0.02,0.01,0,1
60,110,29,91,72,17,24,38,45,42,33,40,47,33,22,33,42,32,0,0,0.07,0.09,0.09,0.11,0.1,0.39,1,0.19,0.21,0.15,0.09,0.14,0.15,1,0.23,0.11,0.06,0.02,0.01,0,0,1
9,7,2,2,0,5,0,0,0,0,2,3,4,5,5,8,4,0,1,0,0.44,0.06,0,0,0,0,0,0,0,0,0,0,0,1,0.14,0.11,0.04,0,0,0,0,1
131,64,65,38,25,16,20,25,26,61,33,55,31,34,32,23,34,56,0.51,1,0.14,0.22,0.04,0.02,0.01,0.01,0,0.01,0,0.01,0.02,0.1,0.37,1,0.06,0.04,0.06,0.04,0.03,0.06,0.02,1
103,136,168,161,169,133,135,108,113,118,142,137,129,123,119,103,10,4,0.49,0.05,0.03,0.1,0.13,0.09,0.1,0.07,1,0.21,0.24,0.1,0.13,0.09,0.07,1,0.37,0.47,0.44,0.28,0.22,0.06,0.01,1
96,38,29,27,35,44,101,11,14,42,15,15,22,15,26,21,62,31,0.18,1,0.44,0.09,0.1,0.07,0.04,0.08,0.08,0.18,0.33,0.11,0.03,0.02,0.03,1,0.26,0.2,0.16,0.1,0.07,0.07,0.03,1
0,1,0,95,49,86,114,6,12,35,39,41,30,24,70,47,54,24,0,0,0,0,0,0.02,0.08,1,0.12,0.15,0.34,0.29,0.27,0.24,0,1,0.41,0.26,0.14,0.2,0.13,0.01,0,1
3,13,1,19,7,0,0,0,0,0,0,12,16,21,0,0,0,0,1,0.36,0.01,0,0,0,0,0,0,0.05,0.26,0,0,0.01,0,1,0.08,0.04,0.09,0.03,0.08,0.05,0.03,1
161,152,209,181,75,77,128,73,76,79,67,63,121,81,119,106,99,90,0.04,0.16,0.19,0.39,0.43,0.17,0.09,0.1,0.22,1,0.16,0.07,0.07,0.06,0.05,1,0.26,0.18,0.11,0.06,0.03,0.01,0,1
0,0,8,20,20,11,0,0,11,2,0,2,0,2,5,10,11,3,0.01,0.02,0.04,0.11,0.15,0.25,0.23,0.17,1,0.17,0.1,0.04,0.03,0.03,0,1,0.22,0.06,0.04,0.03,0.02,0.01,0,1
0,3,0,14,29,8,18,1,0,0,0,27,39,0,0,0,13,2,1,0.01,0,0,0,0,0.38,0.11,0.43,0.09,0,0,0,0,0,1,0.15,0.14,0.25,0.1,0.14,0.09,0.02,1
168,190,182,182,193,200,207,121,103,97,121,124,130,122,134,145,129,139,1,0.48,0.5,0.17,0.11,0.06,0.17,0.18,0.25,0.02,0.03,0.03,0.08,0.1,0.16,1,0.37,0.29,0.45,0.39,0.5,0.32,0.06,1
174,158,136,171,134,169,162,95,99,96,121,74,103,108,94,114,112,63,0.47,1,0.61,0.32,0.18,0.15,0.12,0.12,0.12,0.14,0.08,0.15,0.08,0.09,0.13,1,0.47,0.42,0.34,0.23,0.14,0.06,0.02,1
71,109,66,125,106,120,42,77,65,48,70,61,78,43,39,38,71,71,0.09,0.24,0.93,1,0.26,0.15,0.11,0.12,0.25,0.18,0.13,0.11,0.09,0.13,0.22,1,0.32,0.16,0.12,0.07,0.06,0.04,0.01,1
32,32,35,58,15,23,33,10,20,7,11,19,15,28,18,29,26,17,0.08,0.25,0.1,0.17,0.18,0.26,0.49,1,0.07,0.07,0.1,0.5,0.31,0.16,0.1,1,0.31,0.33,0.32,0.2,0.3,0.19,0.01,1
48,56,34,56,15,5,0,5,12,14,5,14,15,18,16,26,65,37,0,1,0,0,0,0.05,0.05,0.08,0.12,0.25,0.11,0.14,0.16,0.07,0.08,1,0.23,0.16,0.4,0.21,0.24,0.31,0.17,1
22,40,58,73,74,76,77,17,36,78,0,19,29,45,38,53,47,48,0.01,0,0,0,0,0,0,0,0.56,0,0,0,0,0.05,1,1,0.2,0.21,0.08,0.27,0.33,0.08,0.03,1
186,157,159,141,113,146,156,117,94,91,84,85,83,101,107,144,121,106,0.16,0.75,0.38,0.35,0.26,0.22,0.18,0.09,0.91,1,0.67,0.54,0.49,0.41,0.31,1,0.4,0.48,0.47,0.45,0.29,0.11,0.02,1
9,28,60,57,72,31,5,18,17,18,18,32,29,43,18,35,18,9,0.01,0,0,0,0.54,0.97,0.11,0.35,0.85,0.38,1,0.4,0.09,0.06,0.02,1,0.31,0.13,0.09,0.04,0.02,0.02,0.01,1
64,45,55,47,49,52,49,32,35,35,29,45,29,26,36,40,32,50,0.03,0.02,0.51,0.31,0.04,0.01,0.05,0.09,1,0.07,0.01,0.01,0.01,0.02,0.02,1,0.32,0.33,0.33,0.18,0.09,0.11,0.04,1
5,20,55,62,17,0,10,6,11,4,11,9,13,8,8,12,23,4,1,0,0,0,0,0,0,0,0,0,0,0,0,0,0,1,0.13,0.05,0.07,0.02,0.03,0.02,0.01,1
47,45,61,53,54,19,5,1,17,29,41,45,22,25,23,28,0,1,0.42,1,0.38,0.26,0.2,0.25,0.24,0.21,0.35,0.22,0.2,0.17,0.17,0.19,0.05,1,0.16,0.15,0.14,0.09,0.08,0.03,0.01,0
0,0,0,4,23,7,0,1,1,1,1,2,5,1,4,14,6,1,0,0,0.02,0.03,0.22,0.13,0.1,0.09,0.1,1,0.16,0.09,0.06,0.1,0.07,1,0.16,0.15,0.14,0.05,0.06,0.04,0.01,0
0,18,12,6,19,31,16,0,0,0,0,0,0,0,29,23,5,21,0,0,0,0.16,0.88,1,0.68,0.88,0.83,0.32,0.05,0.02,0,0,0,1,0.55,0.3,0.08,0.03,0.05,0.04,0.01,0
0,6,20,130,36,36,0,9,8,19,18,11,14,27,25,12,19,31,0.23,0,0,0.11,0.28,0.23,0.07,0.25,0.17,0.25,0.19,0.62,0.33,0.26,1,1,0.23,0.28,0.17,0.08,0.05,0.02,0,0
0,149,190,159,190,150,54,55,68,76,83,94,96,90,86,76,70,44,0.01,0.06,1,0,0,0,0,0.78,0.05,0.06,0.01,0.02,0.04,0.11,0,1,0.25,0.12,0.07,0.03,0.01,0.01,0.01,0
20,17,27,33,25,7,1,0,16,18,29,24,13,5,0,0,9,0,0.01,0.03,0.11,0.2,0.98,0.44,0.38,0.59,0.86,0.38,0.72,0.95,0.11,0.29,1,1,0.41,0.23,0.04,0.02,0.01,0,0,0
25,24,44,71,64,76,30,3,8,15,21,45,28,32,33,45,53,38,0.04,0.02,0.05,0.04,0.27,0.52,0.12,0.05,0.01,1,0.02,0.01,0,0.01,0,1,0.38,0.22,0.07,0.03,0.05,0.02,0.01,0
40,16,10,2,112,239,216,52,58,45,43,52,53,71,64,61,56,53,1,0.01,0,0.53,0.39,0.08,0,0,0,0,0,0,0,0,0.02,1,0.22,0.24,0.19,0.12,0.06,0.02,0.01,0
54,25,22,26,18,6,0,0,0,0,0,3,21,13,26,15,40,14,0.28,1,0.52,0.43,0.23,0.15,0.12,0.15,0.75,0.53,0.43,0.11,0.23,0.12,0.06,1,0.3,0.32,0.2,0.17,0.1,0.01,0,0
94,62,80,46,39,37,27,16,38,34,30,65,52,49,75,31,24,18,0.17,0.22,0.66,0.83,1,0.9,0.53,0.31,0.65,0.22,0.32,0.16,0.06,0.04,0.07,1,0.38,0.26,0.15,0.1,0.04,0.02,0.01,0
0,0,0,0,0,0,2,0,2,2,2,2,14,2,4,0,2,1,0.57,1,0.38,0.36,0.34,0.42,0.13,0.05,0.94,0.48,0.18,0.19,0.19,0.34,0.61,1,0.26,0.26,0.21,0.07,0.09,0.06,0.01,0
7,15,58,36,66,43,7,21,25,40,22,8,12,9,21,15,9,11,0.13,1,0.13,0.24,0.06,0.09,0.11,0.15,0.22,0.14,0.06,0.05,0.14,0.18,0,1,0.21,0.12,0.11,0.05,0.04,0.03,0.01,0
59,59,52,73,85,35,68,40,31,53,29,39,37,7,2,26,45,57,1,0.79,0.04,0,0,0,0,0,0.73,0.13,0.04,0.66,0,0.26,0,1,0.25,0.19,0.25,0.1,0.12,0.08,0.04,0
165,179,156,152,131,58,28,112,105,99,81,92,107,81,74,49,85,35,0.12,0.81,1,0.77,0.84,0.73,0.69,0.4,0.32,0.27,0.2,0.15,0.09,0.09,0.07,1,0.44,0.33,0.2,0.12,0.08,0.05,0.01,0
0,0,0,106,89,119,132,33,40,26,16,39,47,50,56,61,49,43,0,0,0,0,0.03,0.1,0.15,0.05,0.25,1,0.08,0.04,0.17,0.32,0.17,1,0.56,0.56,0.37,0.15,0.13,0.09,0.02,0
83,109,102,108,124,97,125,63,79,88,66,107,86,67,75,78,62,74,0.02,0.09,0.52,1,0.63,0.41,0.27,0.19,0.13,0.15,0.15,0.11,0.09,0.09,0.06,1,0.63,0.42,0.23,0.1,0.05,0.03,0.01,0
12,0,0,9,83,6,3,12,11,12,11,13,10,16,10,16,25,21,0.08,0.47,0.5,0.27,0.02,0,0,0.34,1,0,0.05,0.1,0.13,0.11,0.09,1,0.28,0.26,0.2,0.08,0.08,0.06,0.02,0
19,18,1,5,1,2,1,3,2,2,0,14,21,29,4,0,0,0,0.05,0.1,0.69,0.56,1,0.71,0.51,0.24,0.22,0.1,0.33,0.16,0.05,0.06,0.04,1,0.44,0.2,0.1,0.05,0.03,0.01,0,0
9,18,45,22,28,20,36,0,0,18,23,35,17,47,40,0,0,0,0.49,0.1,0.26,0.15,0.1,0.15,0.14,0.27,0.47,1,0.24,0.12,0.11,0.16,0.22,1,0.17,0.07,0.04,0.02,0.02,0.01,0,0
18,59,151,157,148,113,119,66,71,68,73,94,61,65,69,65,59,31,0,0,0.56,0.27,0.07,0.22,1,0.3,0.05,0.01,0,0,0,0,0,1,0.67,0.34,0.13,0.05,0.03,0.01,0,0
12,45,49,46,24,8,8,5,3,11,20,44,60,40,28,15,4,7,1,0.44,0.09,0.06,0.1,0.11,0.16,0.28,0.89,0.34,0.14,0.11,0.11,0.21,0.06,1,0.23,0.14,0.11,0.07,0.08,0.06,0.02,0
0,0,10,6,3,12,0,3,1,1,1,1,9,1,1,1,4,4,0.54,0.44,0.72,0.17,0.11,0.09,0.13,0.73,0.45,0.16,0.18,0.2,0,0,1,1,0.12,0.11,0.1,0.03,0.03,0.03,0.01,0
24,46,56,64,68,40,39,27,18,15,7,10,46,37,60,71,46,48,0.14,0.59,1,0.38,0.1,0.05,0.03,0.04,0.09,0.18,0.64,0.17,0.11,0.04,0.04,1,0.32,0.14,0.1,0.05,0.04,0.02,0.01,0
10,5,6,14,20,140,103,30,31,33,53,43,39,37,36,41,36,43,0.13,1,0.68,0.44,0.33,0.14,0.32,0.58,0.29,0.32,0.95,0.46,0.37,0.17,0.07,1,0.47,0.37,0.21,0.09,0.07,0.05,0.01,0
47,19,7,42,33,90,143,33,51,47,31,33,53,42,27,30,70,58,0.03,0.18,0.12,0.33,0.11,0.12,0.14,0.55,1,0.13,0.08,0.07,0.06,0.08,0.14,1,0.22,0.1,0.06,0.03,0.02,0,0,0
0,6,18,34,35,35,91,43,36,24,9,3,9,32,56,36,28,14,0.65,0.99,0.47,0.52,0.71,1,0.59,0.51,0.04,0.07,0.03,0,0,0,0,1,0.44,0.31,0.09,0.03,0.04,0.07,0.01,0
0,0,46,0,0,0,0,10,15,8,7,10,13,17,9,6,3,2,0.82,1,0.4,0,0,0,0,0,0,0,0,0.01,0.01,0.24,0.27,1,0.11,0.05,0.02,0.01,0,0,0,0
71,72,59,33,3,3,18,32,25,34,35,3,28,22,37,12,33,31,1,0.02,0,0,0.02,0.1,0.3,0.04,0.18,0.18,0.02,0.02,0.01,0.01,0.09,1,0.29,0.12,0.08,0.06,0.06,0.04,0.01,0
6,19,8,22,22,25,32,0,2,37,36,19,23,3,24,2,1,1,0.43,1,0.04,0.09,0.21,0.1,0.55,0.43,0.05,0.02,0.13,0.15,0.54,0.05,0.03,1,0.27,0.11,0.12,0.08,0.07,0.05,0.02,0
57,94,138,148,105,50,66,95,86,55,68,100,26,51,64,77,48,80,0,0.03,0.03,0.71,0.14,0.12,0.07,0.12,1,0.07,0.03,0.03,0.02,0.02,0.03,1,0.41,0.23,0.19,0.09,0.07,0.05,0.03,0
8,9,5,51,67,21,82,19,24,16,21,27,17,30,21,18,12,11,1,0.29,0.12,0.08,0.03,0.03,0.07,0.07,0.38,0.13,0.04,0.05,0.16,0.08,0.01,1,0.19,0.1,0.11,0.04,0.05,0.04,0.02,0
0,33,19,41,49,0,0,16,10,29,19,16,21,15,14,27,6,0,1,0.58,0.08,0,0,0,0,0,0,0,0.08,0,0,0,0,1,0.08,0.08,0.08,0.03,0.03,0.02,0.01,0
0,14,7,26,95,28,18,8,22,27,29,17,19,14,22,10,1,4,0,0.08,0.1,0.16,0.77,1,0.39,0.1,0.03,0.03,0,0,0,0,0,1,0.33,0.12,0.09,0.06,0.06,0.06,0.01,0
25,48,54,61,48,68,70,47,33,24,37,50,31,36,30,44,41,41,0.24,1,0.1,0.02,0.09,0.42,0.12,0.13,0.49,0.28,0.38,0.41,0.19,0.11,0.22,1,0.41,0.39,0.35,0.24,0.18,0.08,0.01,0
0,0,1,40,72,144,70,28,26,22,15,19,18,28,53,48,14,23,0,0.63,0.34,0.03,0,0,0,0,1,0,0,0,0,0,0.02,1,0.36,0.18,0.16,0.1,0.1,0.1,0.16,0
0,0,10,23,1,6,1,1,5,11,8,13,9,5,8,3,2,2,0.8,0.19,0.06,0.08,0.09,0.18,0.24,0.35,1,0.34,0.38,0.33,0.52,0.53,0.81,1,0.28,0.29,0.12,0.08,0.05,0.02,0,0
120,128,154,170,126,77,52,41,109,119,67,30,77,81,63,96,58,84,0.37,0.85,0.65,0.3,0.25,0.16,0.19,0.25,0.45,1,0.82,0.61,0.3,0.33,0.27,1,0.29,0.17,0.12,0.08,0.06,0.04,0.01,0
0,6,39,51,68,4,3,14,22,33,32,3,32,10,14,11,20,6,0.17,1,0.28,0.11,0.07,0.08,0.29,0.92,0.18,0.3,0.11,0.19,0.22,0.23,0.22,1,0.11,0.09,0.09,0.06,0.05,0.02,0,0
0,5,13,31,86,156,140,14,24,29,25,16,36,31,47,65,84,62,1,0,0,0,0,0,0,0,0,0.49,0.35,0,0,0.01,0,1,0.17,0.18,0.23,0.11,0.11,0.08,0.01,0
0,0,18,17,7,0,0,1,1,1,2,14,1,1,10,10,2,1,0,0,0.08,0.66,0,0,0,0.02,0.45,1,0,0,0,0,0,1,0.23,0.08,0.04,0.02,0.01,0.01,0,0
0,168,105,101,97,140,143,83,96,84,77,47,32,49,58,65,65,73,0.44,1,0.01,0,0,0,0,0,0,0.01,0.03,0.2,0.28,0.77,0.87,1,0.32,0.24,0.43,0.15,0.22,0.24,0.06,0
139,159,140,111,111,3,0,57,67,80,52,66,57,60,66,58,36,65,0.68,0.84,0.86,0.51,0.93,1,0.69,0.63,0.59,0.5,0.22,0.26,0.19,0.18,0.19,1,0.45,0.44,0.29,0.22,0.16,0.06,0.01,0
0,110,50,89,108,113,86,23,31,23,30,13,19,72,83,78,80,93,0.67,0.85,1,0.33,0.04,0.1,0,0,0,0,0,0,0,0,0,1,0.28,0.22,0.09,0.06,0.02,0.01,0.01,0
1,14,10,39,19,20,123,8,22,11,25,57,25,12,18,27,12,17,0.15,0.24,0.59,0.51,0.79,0.64,0.41,1,0.74,0.79,0.73,0.26,0.04,0.15,0.06,1,0.32,0.31,0.26,0.13,0.13,0.08,0.01,0
101,107,53,92,79,62,48,69,41,92,48,41,42,58,46,39,59,103,1,0.71,0.4,0.53,0.27,0.11,0.2,0.21,0.29,0.33,0.23,0.14,0.13,0.21,0.16,1,0.31,0.26,0.24,0.2,0.18,0.07,0.01,0
85,82,119,93,129,148,150,67,62,83,90,77,71,66,93,62,107,90,0.53,0.88,0.68,1,0.69,0.52,0.52,0.42,0.49,0.41,0.38,0.14,0.05,0.09,0.14,1,0.5,0.41,0.28,0.15,0.06,0.01,0,0
2,16,34,20,16,30,8,2,0,0,8,8,21,48,41,10,7,0,0,1,0.28,0.1,0.11,0.51,0,0,0.03,0.05,0.07,0.04,0.01,0.15,0.41,1,0.16,0.05,0.01,0.01,0.01,0,0,0
36,34,85,101,36,43,40,22,30,43,35,39,28,57,59,51,37,38,0.41,1,0.73,0.52,0.24,0.08,0.1,0.06,0.06,0.05,0.05,0.03,0.05,0.16,0.11,1,0.48,0.38,0.37,0.22,0.23,0.17,0.07,0
68,54,82,68,78,24,68,58,62,29,39,42,62,59,49,43,29,19,0.29,0.66,1,0.33,0.38,0.26,0.33,0.53,0.92,0.09,0.18,0.07,0.08,0.11,0.04,1,0.4,0.29,0.39,0.19,0.21,0.17,0.04,0
55,38,35,35,17,37,17,1,0,0,0,0,14,53,92,52,15,9,0.1,0.04,0.04,0.01,0.02,0.04,0.09,0.1,0.71,1,0.5,0.29,0.38,0.31,0.2,1,0.16,0.07,0.02,0.01,0.01,0,0,0
25,46,47,34,48,45,53,2,7,1,14,99,116,97,0,1,5,19,0.2,1,0.12,0.23,0.44,0.13,0.04,0.02,0.07,0.05,0.08,0.05,0.04,0.05,0.03,1,0.36,0.28,0.31,0.31,0.4,0.19,0.01,0
12,23,12,18,35,0,0,1,2,1,2,1,15,22,161,8,5,2,0.54,0.14,0.51,0.3,0.11,0,0.2,0.02,1,0.33,0.01,0,0,0.01,0,1,0.35,0.24,0.17,0.07,0.03,0.03,0.02,0
4,30,67,121,82,86,6,43,36,20,28,44,33,36,36,23,53,50,0.04,0.36,0.33,0.17,0.26,0.29,0.02,0.02,0.08,1,0.41,0,0,0,0.06,1,0.52,0.37,0.12,0.04,0.04,0.03,0.01,0
19,12,35,33,74,55,35,9,6,8,33,38,33,28,33,13,8,44,1,0.41,0.69,0.39,0.65,0.22,0.21,0.09,0.12,0.61,0.83,0.39,0.26,0.22,0.14,1,0.31,0.15,0.09,0.03,0.02,0.01,0,0
70,95,59,73,71,44,40,28,25,55,32,27,73,64,64,86,30,35,0.11,1,0.31,0.08,0.07,0.06,0.02,0.24,0.81,0.45,0.03,0.02,0,0,0,1,0.33,0.22,0.42,0.23,0.25,0.33,0.31,0
0,57,80,147,99,81,10,11,8,13,39,56,47,72,63,51,28,32,0,0,0.47,0.2,0.16,0.09,0.12,0.08,0.49,1,0,0.02,0.11,0.11,0.12,1,0.36,0.38,0.15,0.18,0.1,0.03,0,0
31,30,24,24,14,37,48,20,18,29,12,42,13,22,12,9,6,6,0.02,0.04,0.03,0.66,0.82,0.56,0.78,0.53,0.51,0.72,1,0.48,0.03,0.01,0.01,1,0.29,0.19,0.16,0.07,0.06,0.03,0.01,0
15,17,5,17,16,16,12,3,8,3,8,32,14,20,10,10,12,7,0.29,1,0.86,0.26,0.64,0.16,0.37,0.03,0.02,0.02,0,0,0.03,0.01,0.03,1,0.25,0.08,0.09,0.04,0.04,0.04,0.03,0
19,20,14,21,4,2,2,0,9,27,33,12,8,8,0,0,0,0,0.03,0.52,1,0.86,0.63,0.33,0.07,0.03,0.39,0.1,0.02,0.04,0.05,0.09,0.06,1,0.24,0.19,0.18,0.11,0.07,0.04,0.01,0
3,13,12,20,29,2,2,0,1,10,21,43,15,1,0,0,0,0,0,0,0.32,0.68,0,0,0,0,1,0,0,0,0,0,0,1,0.11,0.05,0.04,0.01,0.02,0.01,0,0
0,38,118,98,45,16,28,43,35,36,34,26,52,49,34,27,16,40,1,0,0,0,0,0,0,0,0,0.18,0.51,0.3,0,0.01,0,1,0.2,0.16,0.14,0.04,0.05,0.04,0.01,0
9,37,58,43,17,37,28,21,26,29,38,17,22,17,32,11,8,10,0.29,0.73,0.47,0.12,0.07,0.05,0.04,0.07,1,0.57,0.31,0.06,0.03,0.01,0.02,1,0.19,0.08,0.11,0.04,0.05,0.04,0.02,0
3,19,19,48,39,47,42,0,0,3,10,12,9,23,56,60,42,32,1,0.07,0.16,0.27,0.09,0.04,0.02,0.02,0.02,0.22,0.05,0.1,0.24,0.13,0.12,1,0.23,0.2,0.31,0.17,0.21,0.1,0.01,0
2,4,40,24,43,78,39,1,1,3,9,21,19,23,45,37,49,65,1,0.11,0.06,0.15,0.01,0,0.01,0,0.8,0.06,0,0,0,0,0.05,1,0.18,0.12,0.09,0.03,0.01,0,0,0
10,24,0,53,60,48,45,10,9,19,19,23,35,54,31,31,12,19,0.13,1,0.75,0.45,0.42,0.59,0.76,0.82,0.34,0.07,0.07,0.07,0.09,0.16,0.1,1,0.2,0.1,0.07,0.03,0.02,0.01,0,0
85,141,54,0,1,82,122,23,48,80,45,77,50,43,34,38,36,43,0,1,0,0,0.05,0.12,0.17,0.17,0.04,0.17,0.61,0.22,0.29,0.11,0.04,1,0.39,0.35,0.26,0.16,0.14,0.07,0.01,0
81,87,99,56,70,74,75,27,52,42,61,77,59,65,60,52,53,37,0,0.06,0.44,1,0.54,0.22,0.16,0.16,0.18,0.2,0.25,0.19,0.22,0.2,0.19,1,0.53,0.32,0.24,0.15,0.08,0.03,0,0
0,0,14,27,102,67,43,6,8,19,11,31,43,36,52,36,29,39,0,0,0,0,0.2,0.25,0.28,1,0.72,0.18,0.35,0.32,0.42,0.03,0.02,1,0.59,0.37,0.11,0.06,0.05,0.04,0.01,0
0,311,6,1,34,42,66,0,0,7,20,46,42,25,15,5,1,1,0,0,0,0,0.09,0.16,0.08,0.15,1,0.06,0.02,0.12,0.12,0,0,1,0.21,0.41,0.22,0.14,0.1,0.02,0,0
37,45,93,100,98,120,84,21,25,31,65,53,67,62,51,43,50,53,0.05,0.12,0.07,0.2,0.19,0.12,0.24,0.12,0.14,1,0.19,0.15,0.08,0.04,0.01,1,0.44,0.27,0.17,0.1,0.07,0.03,0.01,0
3,28,34,82,52,21,23,1,7,31,22,11,25,11,32,12,11,20,1,0.7,0.09,0.29,0.88,0.43,0.17,0.14,0.04,0.04,0.05,0.01,0.01,0.01,0.01,1,0.25,0.06,0.04,0.02,0.01,0.02,0.01,0
93,85,59,72,88,87,22,58,61,40,47,64,50,43,31,33,56,36,1,0.09,0,0,0.02,0.02,0.1,0.06,0.07,0.07,0.08,0.08,0.14,0.2,0.16,1,0.47,0.47,0.34,0.27,0.29,0.13,0.03,0
15,29,49,42,42,32,15,9,15,9,26,28,26,25,19,12,9,0,0,0.01,0.01,0.79,0.25,0.03,0.06,1,0.01,0.01,0,0,0.01,0,0.01,1,0.23,0.09,0.05,0.02,0.01,0.01,0,0
113,205,201,179,66,9,0,56,61,74,78,64,9,61,67,76,56,37,1,0.05,0.55,0,0,0,0,0,0,0,0.05,0,0,0,0,1,0.31,0.13,0.07,0.03,0.02,0.01,0,0
24,16,26,10,25,58,16,14,13,13,0,3,40,39,19,7,0,0,0.39,1,0.41,0.07,0.01,0.02,0.13,0.14,0.24,0.14,0.13,0.15,0.14,0.07,0.07,1,0.22,0.17,0.09,0.06,0.01,0,0,0
0,12,17,17,62,235,152,30,31,25,27,26,37,77,87,32,42,37,0,0,0,0.02,0.02,0,0,0.01,1,0.26,0.14,0.33,0.01,0,0.07,1,0.31,0.4,0.35,0.25,0.14,0.08,0.02,0
0,22,2,32,88,19,18,24,4,40,30,19,32,31,32,38,26,17,1,0.52,0.44,0.51,0.51,0,0,0,0,0,0,0,0.01,0.46,0.95,1,0.13,0.08,0.06,0.04,0.03,0.01,0,0
0,0,23,38,29,11,14,19,1,3,7,3,7,34,21,40,4,0,1,0.27,0.01,0,0.01,0.02,0.07,0.01,0.13,0.68,0.05,0.01,0.02,0.02,0.01,1,0.32,0.12,0.37,0.14,0.16,0.18,0.16,0
17,20,21,17,49,35,13,0,0,8,8,22,53,42,4,0,0,0,1,0.59,0.09,0.08,0.06,0.07,0.13,0.14,0.25,0.24,0.26,0.1,0.06,0.19,0.1,1,0.41,0.28,0.2,0.09,0.04,0.01,0,0
85,45,71,36,23,25,61,3,41,27,67,56,50,64,61,30,30,49,1,0.74,0.36,0.47,0.39,0.31,0.17,0.31,0.73,0.37,0.35,0.26,0.23,0.3,0.28,1,0.34,0.15,0.14,0.07,0.07,0.04,0.01,0
141,128,90,48,41,48,84,80,44,59,59,54,54,46,31,63,47,58,0.41,0.15,0.3,0.33,0.36,0.45,0.62,0.36,0.33,0.31,0.41,0.37,0.58,1,0.27,1,0.41,0.44,0.43,0.32,0.25,0.09,0.01,0
0,0,0,0,0,14,0,0,0,0,0,8,8,12,0,0,0,0,0,0,0.01,0.06,0.13,0.29,0.42,1,0.01,0,0,0,0,0,0,1,0.34,0.17,0.48,0.14,0.3,0.36,0.03,0
23,36,98,75,44,22,16,31,13,32,32,28,20,19,19,12,35,16,1,0.55,0.12,0.07,0.04,0.04,0.14,0.19,0.45,0.29,0.04,0.11,0.08,0.08,0.09,1,0.3,0.32,0.29,0.15,0.12,0.09,0.03,0
5,7,35,44,91,65,28,6,10,30,33,24,30,35,19,33,35,34,1,0.51,0.69,0.18,0.14,0.17,0.23,0.24,0.11,0.81,0.91,0.09,0.14,0.31,0.39,1,0.36,0.37,0.31,0.13,0.08,0.03,0.01,0
0,10,8,39,144,81,34,34,30,31,27,38,27,29,33,34,35,17,1,0.02,0.01,0,0,0,0,0,0,1,0.02,0,0,0,0,1,0.22,0.15,0.13,0.06,0.05,0.05,0.03,0
75,141,125,92,69,138,99,70,55,61,56,101,54,86,102,97,109,52,0.19,1,0.49,0.22,0.17,0.27,0.54,0.61,0.31,0.17,0.11,0.22,0.22,0.29,0.29,1,0.25,0.13,0.18,0.1,0.12,0.1,0.02,0
0,0,28,219,86,53,39,27,22,48,43,34,32,51,34,64,25,39,0,0,0,0,0,0.68,0.23,0.09,1,0,0,0,0,0,0,1,0.27,0.15,0.19,0.04,0.03,0.05,0.01,0
0,0,0,0,0,17,0,1,2,1,2,3,4,1,2,1,1,1,0,0,0,0.98,0.91,0,0,0,0.89,1,0,0,0,0,0,1,0.26,0.09,0.04,0.02,0.01,0,0,0
0,0,0,11,30,45,61,6,12,21,14,16,24,17,9,16,14,3,1,0.26,0.02,0,0,0,0,0.01,0.04,0.13,0.09,0.15,0,0.13,0,1,0.23,0.18,0.17,0.04,0.03,0.01,0,0
99,74,72,62,48,12,0,9,11,15,16,19,11,40,44,60,35,59,1,0.43,0.32,0.47,0.29,0.13,0.81,0.84,0.63,0.62,0.36,0.33,0.33,0.52,0.28,1,0.47,0.34,0.14,0.1,0.11,0.06,0.02,0
0,0,0,0,12,42,114,13,2,14,16,45,27,47,39,18,11,8,0,0,0.29,0.28,0.2,0.16,0.06,0,1,0,0,0,0,0,0,1,0.24,0.21,0.23,0.04,0.06,0.07,0.02,0
0,0,11,37,90,10,2,11,12,20,5,6,20,31,8,17,16,14,0.66,0.5,0.47,0,0,0,0.08,1,0.05,0,0,0,0,0,0,1,0.22,0.19,0.1,0.02,0.01,0,0,0
14,32,34,58,23,52,16,7,9,21,27,26,15,58,53,13,21,7,0.69,0.39,0.51,0.78,0.63,0.91,0.9,1,0.86,0.32,0.17,0.11,0.07,0.1,0.06,1,0.25,0.11,0.09,0.03,0.04,0.02,0,0
6,12,24,30,21,59,11,9,15,20,2,4,8,3,3,14,20,11,0.76,1,0.27,0.16,0.15,0.25,0.3,0.1,0.32,0.19,0.07,0.05,0.04,0.1,0.16,1,0.24,0.14,0.17,0.14,0.2,0.08,0.01,0
18,34,81,102,105,99,98,48,48,57,50,54,56,16,22,25,103,36,0.06,0.4,1,0.73,0.53,0.47,0.27,0.07,0.05,0.07,0.07,0.11,0.02,0.09,0.04,1,0.61,0.31,0.1,0.05,0.03,0.01,0,0
18,27,13,17,13,10,56,0,0,9,46,27,38,39,38,0,0,0,0.01,0.02,0.08,0.07,0.19,0.4,0.07,0.28,1,0.08,0.02,0.01,0.01,0,0,1,0.2,0.23,0.24,0.13,0.12,0.06,0.01,0
88,155,174,163,260,155,137,97,87,134,104,117,32,74,72,140,81,85,1,0.56,0.3,0.15,0.12,0.08,0.74,0.36,0.18,0.18,0.19,0.13,0.07,0.14,0.15,1,0.4,0.47,0.56,0.36,0.2,0.08,0.01,0
0,0,0,15,31,56,121,9,13,22,24,21,19,21,62,26,33,55,0,0,0.09,0.06,0.13,0.12,0.06,0.08,1,0.24,0.03,0.2,0.35,0.13,0.15,1,0.41,0.49,0.15,0.1,0.05,0.01,0,0
11,26,27,34,33,33,21,0,16,11,16,44,21,48,16,14,0,0,0.03,0,0,0.03,0.02,0.01,0.01,0.02,1,0.02,0.12,0.63,0.24,0.02,0.05,1,0.18,0.22,0.11,0.18,0.11,0.01,0,0
19,10,13,51,56,73,7,1,1,1,1,13,12,10,28,35,43,75,0.06,0.09,0.15,0.1,0.1,0.07,0.06,0.08,1,0.15,0.18,0.19,0.19,0.15,0.01,1,0.28,0.42,0.24,0.15,0.14,0.05,0.01,0
45,48,47,60,66,50,73,0,19,20,34,37,7,0,51,54,51,0,1,0,0,0,0,0,0,0,0,0,0,0.02,0.02,0.03,0.11,1,0.21,0.21,0.21,0.16,0.12,0.05,0,0
78,178,161,168,200,183,149,122,101,46,54,67,114,199,111,63,89,130,0.25,0.59,0.34,0.17,0.62,0.15,0.11,0.16,1,0.12,0.07,0.14,0.25,0.21,0.11,1,0.38,0.28,0.25,0.21,0.16,0.06,0.02,0
40,96,47,70,93,87,123,10,17,13,48,67,54,88,56,60,70,5,0.9,0.28,0.03,0.04,0.05,0.14,0.17,0.22,1,0.22,0.06,0.05,0.01,0.01,0.01,1,0.28,0.24,0.43,0.17,0.16,0.15,0.04,0
46,44,65,17,106,147,36,41,26,53,51,51,79,51,50,23,18,35,0.25,0.47,0.64,0.45,0.25,0.21,0.19,0.24,1,0.37,0.27,0.29,0.22,0.23,0.13,1,0.39,0.22,0.14,0.08,0.05,0.02,0,0
0,39,25,65,12,8,0,10,10,9,20,17,23,11,29,22,17,30,1,0.69,0.89,0.92,0.36,0.86,0.04,0.02,0.03,0.03,0.03,0.03,0.03,0.05,0.05,1,0.19,0.11,0.4,0.08,0.11,0.18,0.09,0
0,6,17,0,0,23,146,10,26,24,23,24,11,26,31,25,20,12,0,0,0.03,0.05,0.25,0.44,0.49,0.01,0.09,0.42,1,0.58,0.26,0.16,0.02,1,0.43,0.21,0.14,0.04,0.03,0.02,0,0
0,6,32,17,13,15,5,3,1,3,1,18,35,2,6,8,1,0,0,0.95,0.05,0,0,0,0,0,0,1,0,0,0,0,0,1,0.19,0.13,0.2,0.05,0.06,0.06,0.02,0
9,6,1,6,5,8,47,1,3,1,3,5,11,11,14,13,12,12,1,0.35,0.11,0.05,0.02,0,0,0.01,0.01,0.53,0.14,0.08,0,0.05,0.12,1,0.13,0.1,0.18,0.07,0.14,0.06,0.01,0
0,0,5,116,109,134,140,54,53,56,63,37,42,46,32,48,44,26,0,0,0,0.31,0.22,0.14,0.07,1,0.03,0.01,0.03,0.02,0.01,0,0,1,0.29,0.29,0.37,0.13,0.11,0.07,0.03,0
7,32,51,33,16,7,0,0,11,21,31,14,5,4,6,17,28,0,0.13,0.15,1,0.62,0.59,0.4,0.41,0.43,0.97,0.14,0.01,0,0,0.01,0.02,1,0.29,0.12,0.06,0.04,0.04,0.02,0,0
0,29,6,97,142,93,4,45,47,41,48,40,55,34,32,43,40,25,0,0,0,0.04,0.66,0.54,0.11,0.34,1,0,0,0,0,0,0,1,0.36,0.49,0.29,0.12,0.08,0.03,0.02,0
0,17,80,59,62,37,7,22,34,34,23,17,14,18,19,18,14,5,1,0.84,0.52,0.21,0.38,0.36,0.02,0,0,0.02,0.11,0.15,0.32,0.13,0.38,1,0.4,0.34,0.15,0.1,0.05,0.01,0,0
0,0,3,102,196,44,14,21,19,21,41,19,24,21,26,21,38,33,0,0,0.33,0.49,0.89,0.07,0,0,0.78,1,0,0,0,0.28,0.25,1,0.47,0.29,0.22,0.08,0.11,0.1,0.03,0
6,10,2,2,1,0,0,0,0,0,0,0,16,26,0,0,0,0,0.08,1,0.43,0.02,0.06,0.16,0.05,0.01,0.02,0.03,0.03,0.03,0.03,0.04,0.11,1,0.25,0.18,0.23,0.17,0.14,0.05,0.01,0
55,57,25,23,21,17,9,13,44,41,32,35,44,19,31,20,3,14,0.76,1,0.44,0.35,0.35,0.57,0.35,0.29,0.17,0.79,0.27,0.21,0.21,0.28,0.39,1,0.43,0.5,0.3,0.2,0.08,0.03,0.01,0
110,138,136,133,147,131,128,63,106,83,86,77,91,104,56,92,87,88,0.02,0.09,0.13,0.29,0.28,0.29,0.33,0.28,0.93,1,0.35,0.2,0.13,0.14,0.11,1,0.46,0.34,0.37,0.23,0.22,0.21,0.09,0
25,38,40,40,52,36,22,24,10,35,52,49,30,19,39,35,25,10,0.15,0.95,0.22,0.3,0.57,1,0.24,0.17,0.2,0.19,0.23,0.12,0.2,0.27,0.28,1,0.26,0.16,0.17,0.1,0.14,0.09,0.01,0
0,0,0,5,2,0,0,1,1,1,1,1,1,1,1,3,1,1,0.03,0.12,0.31,0.37,0.12,0.01,0.04,0.02,0.04,1,0.15,0.11,0.13,0.12,0.19,1,0.23,0.17,0.11,0.04,0.03,0.02,0.01,0
0,18,108,119,145,71,48,16,55,54,50,64,50,48,52,49,54,41,0,0,0,0,0,0,0.27,0.14,1,0.24,0.15,0,0.24,0.12,0.27,1,0.31,0.41,0.12,0.06,0.04,0.03,0,0
0,1,11,16,68,58,57,36,32,31,25,34,8,15,3,6,14,11,0,0.17,0.27,1,0.45,0.05,0.04,0.03,0.03,0.01,0.02,0.01,0.02,0.04,0.04,1,0.24,0.14,0.09,0.04,0.04,0.02,0,0
0,0,0,2,58,0,0,1,2,8,27,6,2,1,14,5,1,1,0,0,0,0,0,0.27,0.32,0.34,1,0.11,0.26,0.5,0,0,0,1,0.31,0.32,0.15,0.08,0.05,0.02,0.01,0
7,7,8,4,6,14,6,0,0,0,25,2,29,18,12,3,9,2,0.98,0.52,0.01,0,0.01,0,0.09,1,0.09,0.14,0.14,0.06,0.09,0.07,0.07,1,0.16,0.06,0.07,0.02,0.04,0.02,0.02,0
47,62,75,91,56,84,55,19,27,44,51,47,75,53,41,30,56,16,0.1,0.84,1,0.49,0.22,0.16,0.1,0.11,0.28,0.41,0.9,0.31,0.06,0.1,0.1,1,0.37,0.26,0.23,0.14,0.13,0.06,0.02,0
73,42,38,44,18,22,24,32,64,3,3,3,31,36,13,7,37,39,0.05,0.05,0.59,0.81,0.41,0.27,0.29,0.6,1,0.21,0.23,0.15,0.11,0.09,0.08,1,0.26,0.15,0.08,0.05,0.02,0,0,0
0,4,2,0,0,0,0,0,0,0,0,4,2,0,0,0,0,0,1,0,0,0,0,0,0,0,0,0,0,0.09,0.05,0.11,0.1,1,0.37,0.16,0.04,0.01,0,0,0,0
0,6,111,100,102,83,92,8,71,62,29,40,75,67,49,41,3,10,0.71,1,0.04,0,0,0,0,0,0.02,0.01,0.11,0.07,0.12,0.12,0.1,1,0.19,0.16,0.11,0.07,0.05,0.02,0,0
65,65,54,57,62,61,64,9,15,26,4,28,68,78,133,82,33,8,0.57,0.53,0.19,0.27,0.53,0.32,0.27,0.36,1,0.21,0.3,0.4,0.4,0.38,0.3,1,0.42,0.34,0.21,0.2,0.21,0.06,0.02,0
37,55,75,54,51,92,119,8,6,14,14,84,89,83,73,50,30,16,0.42,1,0.22,0.12,0.05,0.05,0.15,0.06,0.13,0.08,0.07,0.06,0.11,0.13,0.25,1,0.32,0.3,0.2,0.19,0.1,0.04,0.01,0
0,0,85,49,49,82,0,6,10,10,13,36,42,25,32,27,6,13,0,1,0.06,0.01,0.11,0.2,0.48,0.75,0.44,0.13,0,0,0,0,0,1,0.11,0.05,0.03,0.02,0.01,0.01,0,0
3,0,0,0,4,11,50,9,10,1,4,11,12,3,11,11,4,6,1,0.01,0.52,0.01,0,0,0,0,0,0.01,0.01,0,0,0,0,1,0.23,0.07,0.03,0.01,0,0,0,0
0,0,15,10,30,45,39,40,15,23,30,15,4,6,0,0,0,0,0,0,0,0,0,0,0.31,1,0.92,0.19,0.14,0.02,0.01,0,0,1,0.24,0.13,0.26,0.11,0.19,0.22,0.1,0
0,10,28,37,70,37,35,54,43,32,28,11,21,5,2,4,18,24,1,0.07,0.59,0,0,0,0,0,0.69,0.2,0.12,0.03,0,0,0,1,0.23,0.26,0.26,0.2,0.1,0.05,0.02,0
0,0,0,0,7,9,11,6,7,9,10,10,18,8,10,10,5,5,0,0,0,0,0,0,0,0,1,0.06,0.2,0.11,0.17,0.22,0.39,1,0.37,0.38,0.28,0.22,0.25,0.15,0.01,0
67,134,121,110,112,73,42,41,38,55,54,55,62,75,54,54,52,59,1,0.69,0.33,0.15,0.15,0.21,0.15,0.17,0.22,0.11,0.24,0.2,0.15,0.27,0.23,1,0.14,0.1,0.08,0.05,0.04,0.02,0.01,0
28,67,65,93,122,110,78,0,2,11,22,48,70,71,75,88,95,97,0.06,0.04,0.09,0.28,0.36,0.2,0.02,0,1,0.05,0,0,0.02,0.03,0.06,1,0.41,0.45,0.41,0.19,0.2,0.16,0.07,0
39,59,39,27,11,22,58,27,24,0,1,0,8,13,27,50,76,58,0.48,0.81,1,0.31,0.15,0.1,0.1,0.06,0.08,0.07,0.04,0.01,0,0.01,0.02,1,0.32,0.07,0.03,0.01,0.01,0.01,0,0
0,0,0,17,55,22,44,11,47,17,23,12,13,0,0,0,0,0,0.86,1,0.27,0.21,0.25,0.15,0.4,0.58,0.9,0.68,0.21,0.3,0.35,0.36,0.26,1,0.44,0.47,0.25,0.16,0.14,0.02,0,0
0,4,8,0,0,30,11,6,4,0,2,2,1,4,3,2,12,2,0,0,0,0,0,0.1,1,0,0.53,0.57,0,0,0,0,0,1,0.15,0.13,0.13,0.02,0.02,0.04,0.01,0
20,11,16,18,10,5,1,16,6,11,9,8,3,38,25,6,1,8,0.02,0.59,1,0.16,0.19,0.08,0.11,0.13,0.08,0.27,0.09,0.11,0.2,0.12,0.07,1,0.28,0.23,0.17,0.14,0.07,0.03,0,0
0,12,92,31,102,150,75,61,47,43,46,53,37,34,41,30,52,40,1,0.04,0.02,0,0,0,0,0,0.11,0.11,0.02,0,0,0,0,1,0.16,0.19,0.43,0.15,0.17,0.22,0.06,0
13,53,78,61,38,26,14,52,36,30,14,22,30,25,40,44,27,7,0.79,1,0.56,0.34,0.24,0.32,0.43,0.47,0.38,0.52,0.19,0.25,0.24,0.41,0.26,1,0.47,0.38,0.31,0.17,0.13,0.07,0.02,0
4,28,24,31,53,71,40,0,0,5,9,78,64,19,14,5,0,0,1,0,0,0,0,0,0,0,0,0.12,0.57,0.3,0,0,0,1,0.27,0.23,0.28,0.17,0.21,0.19,0.01,0
0,9,149,146,153,123,112,45,65,50,74,64,42,77,68,68,63,48,0,0,0.46,0.08,1,0.62,0.5,0.08,0.08,0.04,0.07,0.1,0.08,0.3,0.29,1,0.41,0.31,0.26,0.19,0.1,0.02,0,0
0,96,149,87,207,211,181,89,59,62,65,97,65,69,105,98,87,86,0.79,0,0,0,0,0,0,0,0,0.03,1,0.24,0.01,0,0.02,1,0.52,0.68,0.39,0.22,0.17,0.1,0.02,0
25,40,56,44,69,36,49,0,0,0,10,19,21,23,149,73,55,21,1,0.07,0.06,0.05,0.05,0.04,0.03,0.01,0.01,0.01,0.01,0.01,0.02,0.01,0.11,1,0.1,0.06,0.04,0.02,0.01,0.01,0,0
75,62,28,4,3,10,10,0,0,5,1,15,32,32,62,40,29,11,1,0.06,0.16,0.3,0.11,0.06,0.06,0.07,0.06,0.06,0.19,0.05,0.04,0.02,0.04,1,0.3,0.17,0.18,0.08,0.06,0.04,0.02,0
0,0,86,155,110,27,2,42,60,58,45,52,43,43,39,36,40,22,0.74,1,0.08,0,0,0,0,0,0,0,0,0,0,0,0,1,0.26,0.2,0.11,0.06,0.05,0.05,0.04,0
3,2,46,65,11,0,0,14,9,17,6,13,12,15,7,10,14,4,0,0,0.87,0.89,0.05,0,0,0.81,1,0.07,0.3,0.97,0.4,0.07,0,1,0.29,0.28,0.35,0.12,0.09,0.1,0.03,0
53,52,63,55,47,15,16,61,30,30,20,10,41,33,53,47,18,21,0.01,0.88,0.75,0.85,1,0.5,0.22,0.11,0.08,0.08,0.04,0.07,0.05,0.06,0.04,1,0.39,0.19,0.15,0.09,0.07,0.06,0.02,0
0,0,4,14,12,0,0,0,0,1,1,1,2,3,12,1,1,1,0,0,0,0,0,0,0,0,0.06,1,0.29,0.55,0.54,0.43,0.12,1,0.15,0.14,0.09,0.04,0.03,0.02,0,0
19,0,34,45,122,133,51,8,18,26,36,62,51,58,35,24,23,14,0,0,0.05,0.07,0.02,0.01,0.02,0.02,1,0.02,0.02,0.05,0.09,0.06,0.05,1,0.37,0.52,0.42,0.18,0.18,0.11,0.02,0
0,0,0,124,94,15,39,11,12,43,18,15,26,20,20,14,18,13,1,0.43,0,0,0,0,0.01,0.29,1,0.11,0.02,0,0,0,0,1,0.24,0.17,0.16,0.06,0.06,0.05,0.06,0
116,106,90,128,130,151,128,80,86,70,52,77,63,79,55,62,57,72,1,0,0.03,0,0,0,0,0,0,0,0.04,0.1,0.01,0.02,0.01,1,0.33,0.38,0.38,0.27,0.23,0.09,0.01,0
23,29,27,19,20,38,40,0,0,0,25,27,43,100,34,16,12,7,1,0.15,0.06,0.1,0.12,0.07,0.21,0.08,0.54,0.59,0.06,0.03,0.03,0.14,0.25,1,0.23,0.18,0.11,0.1,0.06,0.04,0,0
0,0,45,0,14,12,4,7,22,13,17,35,8,6,16,5,5,15,0.45,0.78,1,0.23,0.02,0,0.01,0.01,0.01,0.01,0.01,0,0.01,0.03,0.05,1,0.31,0.12,0.04,0.02,0.03,0.02,0,0
75,62,67,88,64,77,44,20,24,57,74,82,67,52,41,47,35,40,0.45,1,0.04,0.11,0.33,0.21,0.14,0.14,0.18,0.16,0.13,0.17,0.22,0.27,0.27,1,0.62,0.52,0.28,0.14,0.07,0.02,0,0
1,14,97,36,107,191,98,49,45,53,42,34,49,51,37,31,42,57,0.17,1,0.38,0,0,0,0,0,0,0,0,0,0,0.01,0,1,0.28,0.21,0.47,0.2,0.14,0.16,0.26,0
1,43,31,30,23,32,45,87,15,19,15,16,9,3,21,18,1,11,1,0.02,0.03,0.04,0.94,0.06,0.02,0.01,0.01,0,0.01,0.01,0.01,0.01,0.01,1,0.11,0.06,0.03,0.01,0,0,0,0
1,0,0,21,53,0,55,35,28,32,24,42,28,18,23,34,21,21,0,0,0,0,0,0,0,0,1,0,0,0,0,0,0.04,1,0.42,0.51,0.34,0.16,0.11,0.03,0.01,0
0,3,5,33,30,52,46,6,11,21,39,25,14,26,9,20,12,15,0,0.02,0.33,0.95,1,0.3,0.08,0.09,0.14,0.19,0.13,0.15,0.13,0.07,0.03,1,0.4,0.22,0.21,0.11,0.1,0.08,0.01,0
0,29,83,100,142,158,163,52,55,61,78,60,61,90,85,78,56,83,1,0.04,0.04,0.02,0.02,0.03,0.02,0.02,0.05,0.17,0.24,0.09,0.03,0.14,0.02,1,0.39,0.27,0.24,0.06,0.05,0.05,0.01,0
35,80,41,20,56,38,15,45,39,30,21,8,11,19,28,12,13,2,1,0.95,0.09,0.09,0.47,0.13,0.16,0.21,0.19,0.54,0.95,0.13,0.13,0.2,0.21,1,0.37,0.26,0.25,0.13,0.16,0.14,0.03,0
4,4,22,22,27,24,8,0,0,7,4,7,14,2,4,3,0,6,1,0.1,0.4,0.5,0.03,0.13,0.08,0.18,0.01,0,0.01,0,0,0.03,0,1,0.23,0.06,0.03,0.02,0.02,0.01,0,0
0,0,6,13,110,119,129,44,48,54,46,37,48,41,54,6,6,15,0.78,0.17,0.21,0.13,0.03,0.03,0.09,0.01,1,0.05,0.03,0.05,0.05,0.27,0.26,1,0.4,0.38,0.3,0.12,0.09,0.06,0.03,0
35,37,37,23,14,23,28,20,20,17,16,11,17,13,13,2,14,28,0.65,1,0.41,0.55,0.4,0.37,0.32,0.5,0.47,0.44,0.38,0.43,0.18,0.09,0.69,1,0.45,0.35,0.29,0.22,0.19,0.06,0.01,0
26,23,47,112,134,152,157,64,77,75,84,64,59,81,52,82,46,56,0.15,0.74,0.39,0.32,0.38,0.41,0.17,0.21,0.23,0.28,0.17,0.21,0.13,0.26,1,1,0.46,0.26,0.17,0.1,0.05,0.01,0,0
14,80,107,109,70,25,23,17,26,15,45,33,34,44,55,45,52,31,1,0.54,0.03,0.01,0.01,0.01,0.06,0.35,0.95,0.01,0.02,0,0,0.01,0.03,1,0.36,0.25,0.39,0.17,0.23,0.19,0.04,0
41,52,73,118,58,42,55,24,21,22,22,39,37,69,48,39,53,67,0.17,1,0.32,0,0,0,0,0,0.43,0.94,0.12,0,0,0,0.24,1,0.27,0.22,0.35,0.15,0.21,0.15,0.06,0
127,110,136,65,71,78,87,50,40,63,54,58,47,56,74,52,59,64,0.25,1,0.52,0.36,0.22,0.17,0.12,0.06,0.27,0.13,0.09,0.06,0.07,0.13,0.12,1,0.43,0.23,0.13,0.07,0.04,0.01,0,0
0,1,2,20,14,0,0,0,0,2,1,2,7,4,2,1,0,0,0,0.56,0.52,0,0,0,0,0,0,1,0.08,0,0,0,0,1,0.13,0.05,0.02,0.01,0.01,0,0,0
66,66,104,113,85,50,249,88,66,69,56,47,45,15,21,37,23,31,1,0.03,0.01,0,0,0.01,0.01,0,0.01,0,0.49,0.01,0.01,0.01,0.01,1,0.22,0.14,0.09,0.06,0.02,0.02,0.02,0
181,78,123,103,93,81,109,55,10,40,59,88,68,96,123,102,136,117,0.05,0.42,0.8,0.88,1,0.94,0.52,0.45,0.36,0.34,0.33,0.26,0.18,0.11,0.08,1,0.38,0.28,0.2,0.12,0.07,0.03,0.01,0
26,17,45,41,23,34,20,0,3,21,60,40,27,34,88,21,11,0,0.01,1,0.29,0.28,0.16,0.27,0.22,0.21,0.35,0.27,0.23,0.19,0.19,0.17,0.08,1,0.39,0.19,0.12,0.07,0.05,0.03,0.01,0
54,151,65,50,68,78,14,59,57,59,48,67,48,36,26,62,75,40,0.62,0.86,1,0.61,0.52,0.44,0.39,0.48,0.92,0.53,0.34,0.35,0.33,0.46,0.57,1,0.34,0.33,0.33,0.16,0.15,0.08,0.02,0
34,28,23,15,80,36,12,2,15,24,6,48,54,32,26,14,11,0,0.24,0.19,0.15,0.45,0.71,0.63,0.36,1,0.69,0.12,0.08,0.12,0.08,0.09,0.04,1,0.47,0.2,0.1,0.07,0.05,0.02,0,0
14,25,59,61,145,151,44,28,33,34,34,31,41,75,52,71,46,29,1,0.95,0.57,0.32,0.24,0.3,0.44,0.32,0.25,0.1,0.23,0.11,0.04,0.23,0.12,1,0.5,0.43,0.26,0.14,0.05,0.01,0,0
17,58,45,40,135,106,65,49,56,41,35,27,23,39,35,63,76,58,0.05,0.11,0.17,0.51,1,0.76,0.44,0.23,0.27,0.83,0.69,0.42,0.17,0.14,0.18,1,0.42,0.2,0.11,0.05,0.02,0,0,0
11,46,30,26,26,36,23,0,0,0,10,6,7,42,24,18,23,21,0.87,1,0.11,0.12,0.06,0.1,0.12,0.11,0.13,0.22,0.1,0.04,0.02,0.1,0.07,1,0.3,0.19,0.14,0.07,0.07,0.06,0.02,0
8,12,21,24,14,61,30,4,4,5,13,25,8,32,14,31,17,15,0.44,1,0.11,0,0.02,0.03,0.02,0.04,0.06,0.09,0.18,0.11,0.09,0.1,0.03,1,0.1,0.03,0.02,0.01,0,0,0,0
24,6,16,22,29,16,34,10,9,3,4,26,3,24,17,34,42,31,0.71,1,0.83,0.66,0.69,0.59,0.44,0.42,0.48,0.42,0.39,0.21,0.19,0.19,0.15,1,0.45,0.39,0.21,0.13,0.14,0.06,0.01,0
55,49,85,54,60,54,36,6,44,43,70,40,66,35,64,27,2,5,0.58,0.26,0.44,0.18,0.4,0.08,0.08,0.3,1,0.43,0.32,0.23,0.09,0.08,0.15,1,0.31,0.14,0.07,0.03,0.04,0.04,0.01,0
49,59,46,46,57,149,52,39,47,28,48,16,44,62,39,17,18,29,0,0,0.02,0.04,0.24,1,0.47,0.26,0.23,0.2,0.24,0.24,0.16,0.12,0.06,1,0.44,0.43,0.43,0.28,0.06,0.02,0.01,0
0,0,4,4,14,4,5,0,0,0,0,7,11,7,5,5,6,0,0.07,1,0.46,0.18,0.02,0,0,0,0,0,0,0,0,0,0.01,1,0.19,0.08,0.04,0.03,0.03,0.01,0,0
24,72,67,51,51,18,4,56,38,46,42,38,25,46,41,29,5,3,0.32,0.27,0.18,0.34,0.4,0.27,0.26,0.2,1,0.13,0.12,0.03,0.05,0.05,0.15,1,0.35,0.35,0.27,0.11,0.09,0.06,0.01,0
15,34,50,59,59,51,23,28,33,17,24,14,18,21,15,30,18,32,0.24,0.82,0.54,1,0.51,0.26,0.26,0.17,0.16,0.17,0.14,0.14,0.1,0.36,0.13,1,0.38,0.18,0.15,0.07,0.06,0.05,0.04,0
18,30,47,80,23,19,28,6,15,34,19,15,19,14,24,37,8,30,1,0.01,0,0,0,0,0,0,0,0,0,0.01,0,0.87,0.04,1,0.27,0.19,0.21,0.12,0.16,0.12,0.03,0
6,11,32,16,14,11,22,4,5,21,21,27,23,5,7,2,0,0,1,0.21,0.49,0.03,0,0.1,0.29,0.08,0.3,0.21,0.15,0,0,0.02,0.04,1,0.3,0.21,0.13,0.09,0.07,0.03,0,0
70,32,27,14,8,0,0,15,20,21,6,7,130,5,12,19,42,25,1,0,0,0.07,0.01,0.01,0,0,0,0,0,0,0,0,0.01,1,0.19,0.07,0.06,0.05,0.03,0.04,0.01,0
2,19,26,44,22,70,22,13,8,38,30,26,39,21,10,5,10,7,1,0.14,0.18,0.07,0,0,0.03,0,0.16,0.03,0.01,0,0,0.01,0,1,0.28,0.23,0.24,0.17,0.14,0.05,0.02,0
88,120,118,133,146,126,76,70,58,78,112,100,98,112,65,69,47,56,0.13,0.69,0.32,0.55,0.54,0.41,0.24,0.22,0.2,0.26,0.27,0.44,0.57,1,0.89,1,0.43,0.32,0.18,0.1,0.04,0.01,0,0
19,72,168,88,48,29,12,29,51,42,32,37,31,33,31,42,40,51,0.23,1,0.93,0.25,0.33,0.79,0.3,0.1,0.1,0.06,0.05,0.09,0.27,0.23,0.02,1,0.25,0.17,0.22,0.07,0.07,0.06,0.01,0
43,76,68,79,60,38,34,21,34,39,61,34,28,29,27,11,22,83,1,0.92,0.34,0.24,0.22,0.2,0.15,0.23,0.23,0.11,0.14,0.08,0.06,0.12,0.13,1,0.27,0.14,0.08,0.03,0.01,0.01,0,0
0,9,3,95,2,13,0,1,4,1,20,9,13,10,12,7,9,7,0,1,0.06,0.1,0.11,0.1,0.1,0.02,0.46,0.06,0.18,0.81,0,0,0.01,1,0.22,0.14,0.29,0.09,0.09,0.11,0.07,0
33,56,62,39,70,56,45,37,24,21,33,33,53,44,31,29,17,17,0.34,0.2,0.09,0.05,0.06,0.07,0.08,0.21,0.27,1,0.29,0.18,0.06,0.06,0.06,1,0.37,0.29,0.2,0.11,0.06,0.02,0,0
